gene_name,uniprot,hgnc_symbol,ensembl
SULT1A1,P50225,SULT1A1,ENSG00000196502
UBASH3B,Q8TF42,UBASH3B,ENSG00000154127
SRD5A3,Q9H8P0,SRD5A3,ENSG00000128039
SULT2A1,Q06520,SULT2A1,ENSG00000105398
SRD5A2,P31213,SRD5A2,ENSG00000277893
SULT1E1,P49888,SULT1E1,ENSG00000109193
CYP21A2,P08686,CYP21A2,ENSG00000231852
SRD5A1,P18405,SRD5A1,ENSG00000145545
HTR3E,A5X5Y0,HTR3E,ENSG00000186038
COL6A6,A6NMZ7,COL6A6,ENSG00000206384
COL6A5,A8TX70,COL6A5,ENSG00000172752
CCL3L1,P16619,CCL3L1,ENSG00000276085
KLRF2,D3W0D1,KLRF2,ENSG00000256797
HLA-A,HLAA,HLA-A,ENSG00000224320
HLA-A,HLAA,HLA-A,ENSG00000231834
HLA-A,HLAA,HLA-A,ENSG00000235657
HLA-A,HLAA,HLA-A,ENSG00000229215
HLA-A,HLAA,HLA-A,ENSG00000223980
HLA-A,HLAA,HLA-A,ENSG00000206505
HLA-B,HLAB,HLA-B,ENSG00000232126
HLA-B,HLAB,HLA-B,ENSG00000206450
HLA-B,HLAB,HLA-B,ENSG00000228964
HLA-B,HLAB,HLA-B,ENSG00000224608
HLA-B,HLAB,HLA-B,ENSG00000223532
HLA-C,HLAC,HLA-C,ENSG00000206452
HLA-C,HLAC,HLA-C,ENSG00000206435
HLA-C,HLAC,HLA-C,ENSG00000225691
HLA-C,HLAC,HLA-C,ENSG00000228299
HLA-C,HLAC,HLA-C,ENSG00000237022
IFNA1,IFNA1,IFNA1,ENSG00000197919
ERVH48-1,M5A8F1,ERVH48-1,ENSG00000233056
FZD9,O00144,FZD9,ENSG00000188763
CCL24,O00175,CCL24,ENSG00000106178
LGALS9,O00182,LGALS9,ENSG00000168961
TNFRSF10A,O00220,TNFRSF10A,ENSG00000104689
CORT,O00230,CORT,ENSG00000241563
BMPR1B,O00238,BMPR1B,ENSG00000138696
SIRPB1,O00241,SIRPB1,ENSG00000101307
AGRP,O00253,AGRP,ENSG00000159723
LEFTY2,O00292,LEFTY2,ENSG00000143768
TULP1,O00294,TULP1,ENSG00000112041
TNFRSF11B,O00300,TNFRSF11B,ENSG00000164761
CCRL2,O00421,CCRL2,ENSG00000121797
GFRA2,O00451,GFRA2,ENSG00000168546
AGRN,O00468,AGRN,ENSG00000188157
DLL1,O00548,DLL1,ENSG00000275555
DLL1,O00548,DLL1,ENSG00000198719
CXCR6,O00574,CXCR6,ENSG00000172215
RNASET2,O00584,RNASET2,ENSG00000026297
CCL21,O00585,CCL21,ENSG00000137077
ACKR2,O00590,ACKR2,ENSG00000144648
PODXL,O00592,PODXL,ENSG00000128567
CCL22,O00626,CCL22,ENSG00000102962
WNT7A,O00755,WNT7A,ENSG00000154764
NRG2,O14511,NRG2,ENSG00000158458
CXCL11,O14625,CXCL11,ENSG00000169248
PTGES,O14684,PTGES,ENSG00000148344
HSD17B6,O14756,HSD17B6,ENSG00000025423
TNFRSF10B,O14763,TNFRSF10B,ENSG00000120889
NRP1,O14786,NRP1,ENSG00000099250
TNFSF11,O14788,TNFSF11,ENSG00000120659
MSTN,O14793,MSTN,ENSG00000138379
TNFRSF10C,O14798,TNFRSF10C,ENSG00000173535
TNFRSF13B,O14836,TNFRSF13B,ENSG00000240505
WNT9A,O14904,WNT9A,ENSG00000143816
WNT9B,O14905,WNT9B,ENSG00000158955
WNT9B,O14905,WNT9B,ENSG00000276799
NCR3,O14931,NCR3,ENSG00000204475
NCR3,O14931,NCR3,ENSG00000237103
NCR3,O14931,NCR3,ENSG00000225211
NCR3,O14931,NCR3,ENSG00000206430
NCR3,O14931,NCR3,ENSG00000236979
NCR3,O14931,NCR3,ENSG00000223833
NCR3,O14931,NCR3,ENSG00000236315
NCR3,O14931,NCR3,ENSG00000237808
EREG,O14944,EREG,ENSG00000124882
PLXNB2,O15031,PLXNB2,ENSG00000196576
SEMA3E,O15041,SEMA3E,ENSG00000170381
ANGPT2,O15123,ANGPT2,ENSG00000091879
MUSK,O15146,MUSK,ENSG00000030304
EPHB6,O15197,EPHB6,ENSG00000106123
GPR37,O15354,GPR37,ENSG00000170775
CCL25,O15444,CCL25,ENSG00000131142
CCL16,O15467,CCL16,ENSG00000275152
CCL16,O15467,CCL16,ENSG00000275095
FGF10,O15520,FGF10,ENSG00000070193
CYP27B1,O15528,CYP27B1,ENSG00000111012
PLXNB1,O43157,PLXNB1,ENSG00000164050
MLNR,O43193,MLNR,ENSG00000102539
DHH,O43323,DHH,ENSG00000139549
TNFSF12,O43508,TNFSF12,ENSG00000239697
GNRH2,O43555,GNRH2,ENSG00000125787
TNFSF14,O43557,TNFSF14,ENSG00000125735
GALR2,O43603,GALR2,ENSG00000182687
HCRT,O43612,HCRT,ENSG00000161610
HCRTR1,O43613,HCRTR1,ENSG00000121764
HCRTR2,O43614,HCRTR2,ENSG00000137252
TYROBP,O43914,TYROBP,ENSG00000011600
VEGFD,O43915,VEGFD,ENSG00000165197
EFNA2,O43921,EFNA2,ENSG00000099617
CXCL13,O43927,CXCL13,ENSG00000156234
FGF17,O60258,FGF17,ENSG00000158815
FZD6,O60353,FZD6,ENSG00000164930
GDF9,O60383,GDF9,ENSG00000164404
NRP2,O60462,NRP2,ENSG00000118257
DSCAM,O60469,DSCAM,ENSG00000171587
PLXNC1,O60486,PLXNC1,ENSG00000136040
CUBN,O60494,CUBN,ENSG00000107611
PSPN,O60542,PSPN,ENSG00000125650
GFRA3,O60609,GFRA3,ENSG00000146013
GALR3,O60755,GALR3,ENSG00000128310
GPR37L1,O60883,GPR37L1,ENSG00000170075
RAMP1,O60894,RAMP1,ENSG00000132329
RAMP2,O60895,RAMP2,ENSG00000131477
RAMP3,O60896,RAMP3,ENSG00000122679
PLXNA2,O75051,PLXNA2,ENSG00000076356
FZD7,O75084,FZD7,ENSG00000155760
SLIT1,O75093,SLIT1,ENSG00000187122
LRP4,O75096,LRP4,ENSG00000134569
ICOSLG,O75144,ICOSLG,ENSG00000160223
LRP5,O75197,LRP5,ENSG00000162337
SEMA7A,O75326,SEMA7A,ENSG00000138623
NR1I2,O75469,NR1I2,ENSG00000144852
LGR5,O75473,LGR5,ENSG00000139292
TNFRSF21,O75509,TNFRSF21,ENSG00000146072
ITGA10,O75578,ITGA10,ENSG00000143127
LRP6,O75581,LRP6,ENSG00000070018
LRP6,O75581,LRP6,ENSG00000281324
LEFTY1,O75610,LEFTY1,ENSG00000243709
ATP6AP2,O75787,ATP6AP2,ENSG00000182220
TNFSF13,O75888,TNFSF13,ENSG00000161955
ALDH1A2,O94788,ALDH1A2,ENSG00000128918
SLIT2,O94813,SLIT2,ENSG00000145147
DKK1,O94907,DKK1,ENSG00000107984
S1PR2,O95136,S1PR2,ENSG00000267534
TNFSF15,O95150,TNFSF15,ENSG00000181634
UNC5C,O95185,UNC5C,ENSG00000182168
IL18RAP,O95256,IL18RAP,ENSG00000115607
HTR3B,O95264,HTR3B,ENSG00000149305
GDF11,O95390,GDF11,ENSG00000135414
BMP10,O95393,BMP10,ENSG00000163217
UTS2,O95399,UTS2,ENSG00000049247
TNFRSF6B,O95407,TNFRSF6B,ENSG00000243509
ABCA1,O95477,ABCA1,ENSG00000165029
NTN1,O95631,NTN1,ENSG00000065320
CXCL14,O95715,CXCL14,ENSG00000145824
CRTAM,O95727,CRTAM,ENSG00000109943
FGF19,O95750,FGF19,ENSG00000162344
IL33,O95760,IL33,ENSG00000137033
GPR75,O95800,GPR75,ENSG00000119737
CER1,O95813,CER1,ENSG00000147869
GLP2R,O95838,GLP2R,ENSG00000065325
CD160,O95971,CD160,ENSG00000117281
BMP15,O95972,BMP15,ENSG00000130385
WNT11,O96014,WNT11,ENSG00000085741
ALDH1A1,P00352,ALDH1A1,ENSG00000165092
EGFR,P00533,EGFR,ENSG00000146648
F2,P00734,F2,ENSG00000180210
F10,P00742,F10,ENSG00000126218
PLG,P00747,PLG,ENSG00000122194
PLAU,P00749,PLAU,ENSG00000122861
REN,P00797,REN,ENSG00000143839
AGT,P01019,AGT,ENSG00000135744
C3,P01024,C3,ENSG00000125730
C5,P01031,C5,ENSG00000106804
KNG1,P01042,KNG1,ENSG00000113889
PDGFB,P01127,PDGFB,ENSG00000100311
EGF,P01133,EGF,ENSG00000138798
TGFA,P01135,TGFA,ENSG00000163235
TGFB1,P01137,TGFB1,ENSG00000105329
NGF,P01138,NGF,ENSG00000134259
GNRH1,P01148,GNRH1,ENSG00000147437
NPPA,P01160,NPPA,ENSG00000175206
OXT,P01178,OXT,ENSG00000101405
AVP,P01185,AVP,ENSG00000101200
POMC,P01189,POMC,ENSG00000115138
PENK,P01210,PENK,ENSG00000181195
PDYN,P01213,PDYN,ENSG00000101327
CGA,P01215,CGA,ENSG00000135346
TSHB,P01222,TSHB,ENSG00000134200
FSHB,P01225,FSHB,ENSG00000131808
LHB,P01229,LHB,ENSG00000104826
PRL,P01236,PRL,ENSG00000172179
GH1,P01241,GH1,ENSG00000259384
GH2,P01242,GH2,ENSG00000136487
CALCA,P01258,CALCA,ENSG00000110680
TG,P01266,TG,ENSG00000042832
PTH,P01270,PTH,ENSG00000152266
GCG,P01275,GCG,ENSG00000115263
VIP,P01282,VIP,ENSG00000146469
GHRH,P01286,GHRH,ENSG00000118702
INS,P01308,INS,ENSG00000254647
IGF2,P01344,IGF2,ENSG00000167244
GAST,P01350,GAST,ENSG00000184502
LTA,P01374,LTA,ENSG00000230279
LTA,P01374,LTA,ENSG00000226979
LTA,P01374,LTA,ENSG00000231408
TNF,P01375,TNF,ENSG00000232810
TNF,P01375,TNF,ENSG00000228849
TNF,P01375,TNF,ENSG00000230108
TNF,P01375,TNF,ENSG00000204490
TNF,P01375,TNF,ENSG00000206439
TNF,P01375,TNF,ENSG00000228321
TNF,P01375,TNF,ENSG00000223952
IFNA2,P01563,IFNA2,ENSG00000188379
IFNA10,P01566,IFNA10,ENSG00000186803
IFNA7,P01567,IFNA7,ENSG00000214042
IFNA21,P01568,IFNA21,ENSG00000137080
IFNA5,P01569,IFNA5,ENSG00000147873
IFNA14,P01570,IFNA14,ENSG00000228083
IFNA17,P01571,IFNA17,ENSG00000234829
IFNB1,P01574,IFNB1,ENSG00000171855
IFNG,P01579,IFNG,ENSG00000111537
IL1A,P01583,IL1A,ENSG00000115008
IL1B,P01584,IL1B,ENSG00000125538
EPO,P01588,EPO,ENSG00000130427
IL2RA,P01589,IL2RA,ENSG00000134460
CD8A,P01732,CD8A,ENSG00000153563
COL1A1,P02452,COL1A1,ENSG00000108821
COL2A1,P02458,COL2A1,ENSG00000139219
COL3A1,P02461,COL3A1,ENSG00000168542
COL4A1,P02462,COL4A1,ENSG00000187498
APOA1,P02647,APOA1,ENSG00000118137
APOE,P02649,APOE,ENSG00000130203
APOA2,P02652,APOA2,ENSG00000158874
FGA,P02671,FGA,ENSG00000171560
FGB,P02675,FGB,ENSG00000171564
FGG,P02679,FGG,ENSG00000171557
CHRNA1,P02708,CHRNA1,ENSG00000138435
FN1,P02751,FN1,ENSG00000115414
RBP4,P02753,RBP4,ENSG00000138207
ALB,P02768,ALB,ENSG00000163631
PPBP,P02775,PPBP,ENSG00000163736
PF4,P02776,PF4,ENSG00000163737
CXCL10,P02778,CXCL10,ENSG00000169245
TFRC,P02786,TFRC,ENSG00000072274
TF,P02787,TF,ENSG00000091513
FTL,P02792,FTL,ENSG00000087086
FTH1,P02794,FTH1,ENSG00000167996
ESR1,P03372,ESR1,ENSG00000091831
AMH,P03971,AMH,ENSG00000104899
VTN,P04004,VTN,ENSG00000109072
PROC,P04070,PROC,ENSG00000115718
ANXA1,P04083,ANXA1,ENSG00000135046
PDGFA,P04085,PDGFA,ENSG00000197461
RLN2,P04090,RLN2,ENSG00000107014
APOB,P04114,APOB,ENSG00000084674
CSF2,P04141,CSF2,ENSG00000164400
NR3C1,P04150,NR3C1,ENSG00000113580
THY1,P04216,THY1,ENSG00000154096
CD74,P04233,CD74,ENSG00000019582
VWF,P04275,VWF,ENSG00000110799
ERBB2,P04626,ERBB2,ENSG00000141736
WNT1,P04628,WNT1,ENSG00000125084
NTRK1,P04629,NTRK1,ENSG00000198400
IFNW1,P05000,IFNW1,ENSG00000177047
IFNA6,P05013,IFNA6,ENSG00000120235
IFNA4,P05014,IFNA4,ENSG00000236637
IFNA16,P05015,IFNA16,ENSG00000147885
IGF1,P05019,IGF1,ENSG00000017427
APP,P05067,APP,ENSG00000142192
CYP17A1,P05093,CYP17A1,ENSG00000148795
ITGB3,P05106,ITGB3,ENSG00000259207
ITGB2,P05107,ITGB2,ENSG00000160255
CYP11A1,P05108,CYP11A1,ENSG00000140459
INHA,P05111,INHA,ENSG00000123999
IL4,P05112,IL4,ENSG00000113520
IL5,P05113,IL5,ENSG00000113525
FGF1,P05230,FGF1,ENSG00000113578
IL6,P05231,IL6,ENSG00000136244
ICAM1,P05362,ICAM1,ENSG00000090339
ITGB1,P05556,ITGB1,ENSG00000150093
COL5A2,P05997,COL5A2,ENSG00000204262
INSR,P06213,INSR,ENSG00000171105
LCK,P06239,LCK,ENSG00000182866
CCK,P06307,CCK,ENSG00000187094
PGR,P06401,PGR,ENSG00000082175
CD2,P06729,CD2,ENSG00000116824
CEACAM5,P06731,CEACAM5,ENSG00000105388
FCER2,P06734,FCER2,ENSG00000104921
ITGAV,P06756,ITGAV,ENSG00000138448
CRH,P06850,CRH,ENSG00000147571
TPO,P07202,TPO,ENSG00000115705
THBD,P07204,THBD,ENSG00000178726
P4HB,P07237,P4HB,ENSG00000185624
CSF1R,P07333,CSF1R,ENSG00000182578
GP1BA,P07359,GP1BA,ENSG00000185245
GRP,P07492,GRP,ENSG00000134443
ADRB2,P07550,ADRB2,ENSG00000169252
PSAP,P07602,PSAP,ENSG00000197746
RET,P07949,RET,ENSG00000165731
THBS1,P07996,THBS1,ENSG00000137801
IGF1R,P08069,IGF1R,ENSG00000140443
COL1A2,P08123,COL1A2,ENSG00000164692
NGFR,P08138,NGFR,ENSG00000064300
CHRM2,P08172,CHRM2,ENSG00000181072
CHRM4,P08173,CHRM4,ENSG00000180720
CD55,P08174,CD55,ENSG00000196352
NR3C2,P08235,NR3C2,ENSG00000151623
MMP2,P08253,MMP2,ENSG00000087245
INHBA,P08476,INHBA,ENSG00000122641
ITGA2B,P08514,ITGA2B,ENSG00000005961
COL4A2,P08572,COL4A2,ENSG00000134871
PTPRC,P08575,PTPRC,ENSG00000081237
PTPRC,P08575,PTPRC,ENSG00000262418
MET,P08581,MET,ENSG00000105976
ADRB1,P08588,ADRB1,ENSG00000043591
FGF4,P08620,FGF4,ENSG00000075388
ITGA5,P08648,ITGA5,ENSG00000161638
CYP3A4,P08684,CYP3A4,ENSG00000160868
IL3,P08700,IL3,ENSG00000164399
IL6R,P08887,IL6R,ENSG00000160712
HTR1A,P08908,HTR1A,ENSG00000178394
CHRM5,P08912,CHRM5,ENSG00000184984
ADRA2A,P08913,ADRA2A,ENSG00000150594
NMB,P08949,NMB,ENSG00000197696
FGF2,P09038,FGF2,ENSG00000138685
DBH,P09172,DBH,ENSG00000123454
CD48,P09326,CD48,ENSG00000117091
CXCL1,P09341,CXCL1,ENSG00000163739
INHBB,P09529,INHBB,ENSG00000163083
WNT2,P09544,WNT2,ENSG00000105989
CSF1,P09603,CSF1,ENSG00000184371
PDGFRB,P09619,PDGFRB,ENSG00000113721
GIP,P09681,GIP,ENSG00000159224
SCT,P09683,SCT,ENSG00000070031
SCT,P09683,SCT,ENSG00000274473
ALOX5,P09917,ALOX5,ENSG00000275565
ALOX5,P09917,ALOX5,ENSG00000012779
CSF3,P09919,CSF3,ENSG00000108342
LTA4H,P09960,LTA4H,ENSG00000111144
C4A,P0C0L4,C4A,ENSG00000206340
C4A,P0C0L4,C4A,ENSG00000244731
C4A,P0C0L4,C4A,ENSG00000227746
NPS,P0C0P6,NPS,ENSG00000214285
CFC1,P0CG37,CFC1,ENSG00000136698
SAA1,P0DJI8,SAA1,ENSG00000173432
APELA,P0DMC3,APELA,ENSG00000248329
ADORA3,P0DMS8,ADORA3,ENSG00000282608
CALCB,P10092,CALCB,ENSG00000175868
FDX1,P10109,FDX1,ENSG00000137714
CXCL8,P10145,CXCL8,ENSG00000169429
CCL3,P10147,CCL3,ENSG00000277632
CCL3,P10147,CCL3,ENSG00000274221
CCL3,P10147,CCL3,ENSG00000278567
AR,P10275,AR,ENSG00000169083
RARA,P10276,RARA,ENSG00000131759
SPP1,P10451,SPP1,ENSG00000118785
TGFB3,P10600,TGFB3,ENSG00000119699
KIT,P10721,KIT,ENSG00000157404
CD28,P10747,CD28,ENSG00000178562
FGF6,P10767,FGF6,ENSG00000111241
RARB,P10826,RARB,ENSG00000077092
THRA,P10827,THRA,ENSG00000126351
THRB,P10828,THRB,ENSG00000151090
CLU,P10909,CLU,ENSG00000120885
GHR,P10912,GHR,ENSG00000112964
CD8B,P10966,CD8B,ENSG00000172116
IAPP,P10997,IAPP,ENSG00000121351
LAMC1,P11047,LAMC1,ENSG00000135862
PNMT,P11086,PNMT,ENSG00000141744
ITGAM,P11215,ITGAM,ENSG00000169896
CHRM1,P11229,CHRM1,ENSG00000168539
BCR,P11274,BCR,ENSG00000186716
FGFR1,P11362,FGFR1,ENSG00000077782
VDR,P11473,VDR,ENSG00000111424
FGF3,P11487,FGF3,ENSG00000186895
CYP19A1,P11511,CYP19A1,ENSG00000137869
IGF2R,P11717,IGF2R,ENSG00000197081
FGF5,P12034,FGF5,ENSG00000138675
COL11A1,P12107,COL11A1,ENSG00000060718
COL6A1,P12109,COL6A1,ENSG00000142156
COL6A2,P12110,COL6A2,ENSG00000142173
COL6A3,P12111,COL6A3,ENSG00000163359
PTHLH,P12272,PTHLH,ENSG00000087494
BMP2,P12643,BMP2,ENSG00000125845
BMP4,P12644,BMP4,ENSG00000125378
CDH1,P12830,CDH1,ENSG00000039068
MLN,P12872,MLN,ENSG00000096395
GP1BB,P13224,GP1BB,ENSG00000203618
IL7,P13232,IL7,ENSG00000104432
CCL4,P13236,CCL4,ENSG00000275824
CCL4,P13236,CCL4,ENSG00000277943
CCL4,P13236,CCL4,ENSG00000275302
TDGF1,P13385,TDGF1,ENSG00000241186
CCL2,P13500,CCL2,ENSG00000108691
CCL5,P13501,CCL5,ENSG00000274233
CCL5,P13501,CCL5,ENSG00000271503
NCAM1,P13591,NCAM1,ENSG00000149294
ICAM2,P13598,ICAM2,ENSG00000108622
ITGA4,P13612,ITGA4,ENSG00000115232
RARG,P13631,RARG,ENSG00000172819
CEACAM1,P13688,CEACAM1,ENSG00000079385
OSM,P13725,OSM,ENSG00000099985
HLA-E,P13747,HLA-E,ENSG00000230254
HLA-E,P13747,HLA-E,ENSG00000233904
HLA-E,P13747,HLA-E,ENSG00000236632
HLA-E,P13747,HLA-E,ENSG00000206493
HLA-E,P13747,HLA-E,ENSG00000229252
HLA-E,P13747,HLA-E,ENSG00000225201
COL11A2,P13942,COL11A2,ENSG00000235708
COL11A2,P13942,COL11A2,ENSG00000206290
COL11A2,P13942,COL11A2,ENSG00000230930
COL11A2,P13942,COL11A2,ENSG00000204248
COL11A2,P13942,COL11A2,ENSG00000227801
ADRB3,P13945,ADRB3,ENSG00000188778
HSD3B1,P14060,HSD3B1,ENSG00000203857
HSD17B1,P14061,HSD17B1,ENSG00000108786
SELL,P14151,SELL,ENSG00000188404
CD99,P14209,CD99,ENSG00000002586
HGF,P14210,HGF,ENSG00000019991
DRD2,P14416,DRD2,ENSG00000149295
PLA2G2A,P14555,PLA2G2A,ENSG00000188257
TYR,P14679,TYR,ENSG00000077498
IL1R1,P14778,IL1R1,ENSG00000115594
IL2RB,P14784,IL2RB,ENSG00000100385
LIF,P15018,LIF,ENSG00000128342
AKR1B1,P15121,AKR1B1,ENSG00000085662
PVR,P15151,PVR,ENSG00000073008
IL9,P15248,IL9,ENSG00000145839
IFNGR1,P15260,IFNGR1,ENSG00000027697
EZR,P15311,EZR,ENSG00000092820
CSF2RA,P15509,CSF2RA,ENSG00000198223
AREG,P15514,AREG,ENSG00000109321
CD46,P15529,CD46,ENSG00000117335
CYP11B1,P15538,CYP11B1,ENSG00000160882
VEGFA,P15692,VEGFA,ENSG00000112715
CD1D,P15813,CD1D,ENSG00000158473
NPR1,P16066,NPR1,ENSG00000169418
CD44,P16070,CD44,ENSG00000026508
SELP,P16109,SELP,ENSG00000174175
ITGB4,P16144,ITGB4,ENSG00000132470
SPN,P16150,SPN,ENSG00000197471
CBR1,P16152,CBR1,ENSG00000159228
PDGFRA,P16234,PDGFRA,ENSG00000134853
PECAM1,P16284,PECAM1,ENSG00000261371
CTLA4,P16410,CTLA4,ENSG00000163599
DPEP1,P16444,DPEP1,ENSG00000015413
PRLR,P16471,PRLR,ENSG00000113494
TSHR,P16473,TSHR,ENSG00000165409
SELE,P16581,SELE,ENSG00000007908
CD36,P16671,CD36,ENSG00000135218
IL7R,P16871,IL7R,ENSG00000168685
IFNAR1,P17181,IFNAR1,ENSG00000142166
ITGA2,P17301,ITGA2,ENSG00000164171
HLA-G,P17693,HLA-G,ENSG00000235680
HLA-G,P17693,HLA-G,ENSG00000230413
HLA-G,P17693,HLA-G,ENSG00000235346
HLA-G,P17693,HLA-G,ENSG00000233095
HLA-G,P17693,HLA-G,ENSG00000206506
HLA-G,P17693,HLA-G,ENSG00000276051
HLA-G,P17693,HLA-G,ENSG00000237216
CHRNB2,P17787,CHRNB2,ENSG00000160716
LGALS3,P17931,LGALS3,ENSG00000131981
IGFBP3,P17936,IGFBP3,ENSG00000146674
FLT1,P17948,FLT1,ENSG00000102755
ALOX12,P18054,ALOX12,ENSG00000108839
BMP7,P18075,BMP7,ENSG00000101144
ITGB5,P18084,ITGB5,ENSG00000082781
ADRA2B,P18089,ADRA2B,ENSG00000274286
ADCYAP1,P18509,ADCYAP1,ENSG00000141433
IL1RN,P18510,IL1RN,ENSG00000136689
ITGB6,P18564,ITGB6,ENSG00000115221
LAG3,P18627,LAG3,ENSG00000089692
ADRA2C,P18825,ADRA2C,ENSG00000184160
CDH2,P19022,CDH2,ENSG00000170558
CYP11B2,P19099,CYP11B2,ENSG00000179142
HDC,P19113,HDC,ENSG00000140287
EPOR,P19235,EPOR,ENSG00000187266
CD58,P19256,CD58,ENSG00000116815
VCAM1,P19320,VCAM1,ENSG00000162692
TNFRSF1A,P19438,TNFRSF1A,ENSG00000067182
GGT1,P19440,GGT1,ENSG00000286070
GGT1,P19440,GGT1,ENSG00000100031
RXRA,P19793,RXRA,ENSG00000186350
CEL,P19835,CEL,ENSG00000170835
CXCL2,P19875,CXCL2,ENSG00000081041
CXCL3,P19876,CXCL3,ENSG00000163734
CR2,P20023,CR2,ENSG00000117322
CD22,P20273,CD22,ENSG00000012124
ALOX5AP,P20292,ALOX5AP,ENSG00000132965
CHRM3,P20309,CHRM3,ENSG00000133019
TNFRSF1B,P20333,TNFRSF1B,ENSG00000028137
TAC1,P20366,TAC1,ENSG00000006128
PMCH,P20382,PMCH,ENSG00000183395
TRH,P20396,TRH,ENSG00000170893
ITGAL,P20701,ITGAL,ENSG00000005844
ITGAX,P20702,ITGAX,ENSG00000140678
DDC,P20711,DDC,ENSG00000132437
NTF3,P20783,NTF3,ENSG00000185652
IL11,P20809,IL11,ENSG00000095752
EFNA1,P20827,EFNA1,ENSG00000169242
COL9A1,P20849,COL9A1,ENSG00000112280
COL5A1,P20908,COL5A1,ENSG00000130635
PTN,P21246,PTN,ENSG00000105894
TACR2,P21452,TACR2,ENSG00000075073
FPR1,P21462,FPR1,ENSG00000171051
CNR1,P21554,CNR1,ENSG00000118432
KITLG,P21583,KITLG,ENSG00000049130
EPHA1,P21709,EPHA1,ENSG00000146904
EPHA1,P21709,EPHA1,ENSG00000284816
DRD1,P21728,DRD1,ENSG00000184845
C5AR1,P21730,C5AR1,ENSG00000197405
TBXA2R,P21731,TBXA2R,ENSG00000006638
MDK,P21741,MDK,ENSG00000110492
FGF7,P21781,FGF7,ENSG00000140285
FGFR2,P21802,FGFR2,ENSG00000066468
CD72,P21854,CD72,ENSG00000137101
ERBB3,P21860,ERBB3,ENSG00000065361
DRD4,P21917,DRD4,ENSG00000069696
DRD4,P21917,DRD4,ENSG00000276825
DRD5,P21918,DRD5,ENSG00000169676
BMP5,P22003,BMP5,ENSG00000112175
BMP6,P22004,BMP6,ENSG00000153162
CDH3,P22223,CDH3,ENSG00000062038
IL10,P22301,IL10,ENSG00000136634
CCL1,P22362,CCL1,ENSG00000108702
FGFR4,P22455,FGFR4,ENSG00000160867
GAL,P22466,GAL,ENSG00000069482
FDXR,P22570,FDXR,ENSG00000161513
FGFR3,P22607,FGFR3,ENSG00000068078
LHCGR,P22888,LHCGR,ENSG00000138039
MRC1,P22897,MRC1,ENSG00000260314
ITGA6,P23229,ITGA6,ENSG00000091409
PTPRZ1,P23471,PTPRZ1,ENSG00000106278
TNFSF4,P23510,TNFSF4,ENSG00000117586
BDNF,P23560,BDNF,ENSG00000176697
FSHR,P23945,FSHR,ENSG00000170820
IL4R,P24394,IL4R,ENSG00000077238
TBXAS1,P24557,TBXAS1,ENSG00000059377
TNC,P24821,TNC,ENSG00000041982
HRH2,P25021,HRH2,ENSG00000113749
CXCR1,P25024,CXCR1,ENSG00000163464
CXCR2,P25025,CXCR2,ENSG00000180871
CD24,P25063,CD24,ENSG00000272398
COL8A2,P25067,COL8A2,ENSG00000171812
FPR3,P25089,FPR3,ENSG00000187474
FPR2,P25090,FPR2,ENSG00000171049
ADRA1D,P25100,ADRA1D,ENSG00000171873
TACR1,P25103,TACR1,ENSG00000115353
ACKR3,P25106,ACKR3,ENSG00000144476
FAS,P25445,FAS,ENSG00000026103
COL5A3,P25940,COL5A3,ENSG00000080573
CD40,P25942,CD40,ENSG00000101017
ITGA3,P26006,ITGA3,ENSG00000005884
ITGB7,P26010,ITGB7,ENSG00000139626
ITGB8,P26012,ITGB8,ENSG00000105855
CNTF,P26441,CNTF,ENSG00000242689
KLRC1,P26715,KLRC1,ENSG00000134545
KLRC2,P26717,KLRC2,ENSG00000205809
KLRK1,P26718,KLRK1,ENSG00000213809
CD27,P26842,CD27,ENSG00000139193
MST1,P26927,MST1,ENSG00000173531
IL3RA,P26951,IL3RA,ENSG00000185291
CNTFR,P26992,CNTFR,ENSG00000122756
ACVR2A,P27037,ACVR2A,ENSG00000121989
DPP4,P27487,DPP4,ENSG00000197635
GDF1,P27539,GDF1,ENSG00000130283
COL8A1,P27658,COL8A1,ENSG00000144810
IL1R2,P27930,IL1R2,ENSG00000115590
HTR1D,P28221,HTR1D,ENSG00000179546
HTR1B,P28222,HTR1B,ENSG00000135312
HTR2A,P28223,HTR2A,ENSG00000102468
CHAT,P28329,CHAT,ENSG00000070748
HTR2C,P28335,HTR2C,ENSG00000147246
NMBR,P28336,NMBR,ENSG00000135577
HTR1E,P28566,HTR1E,ENSG00000168830
RXRB,P28702,RXRB,ENSG00000204231
RXRB,P28702,RXRB,ENSG00000231321
RXRB,P28702,RXRB,ENSG00000235712
RXRB,P28702,RXRB,ENSG00000228333
RXRB,P28702,RXRB,ENSG00000206289
RXRB,P28702,RXRB,ENSG00000227322
CD34,P28906,CD34,ENSG00000174059
CD38,P28907,CD38,ENSG00000004468
TNFRSF8,P28908,TNFRSF8,ENSG00000120949
ADORA2A,P29274,ADORA2A,ENSG00000128271
ADORA2B,P29275,ADORA2B,ENSG00000170425
EPHA2,P29317,EPHA2,ENSG00000142627
EPHA3,P29320,EPHA3,ENSG00000044524
EPHA8,P29322,EPHA8,ENSG00000070886
EPHB2,P29323,EPHB2,ENSG00000133216
TACR3,P29371,TACR3,ENSG00000169836
CRABP2,P29373,CRABP2,ENSG00000143320
COL4A5,P29400,COL4A5,ENSG00000188153
IL12A,P29459,IL12A,ENSG00000168811
IL12B,P29460,IL12B,ENSG00000113302
CD40LG,P29965,CD40LG,ENSG00000102245
CD6,P30203,CD6,ENSG00000013725
BDKRB2,P30411,BDKRB2,ENSG00000168398
HLA-F,P30511,HLA-F,ENSG00000206509
HLA-F,P30511,HLA-F,ENSG00000137403
HLA-F,P30511,HLA-F,ENSG00000235220
HLA-F,P30511,HLA-F,ENSG00000237508
HLA-F,P30511,HLA-F,ENSG00000229698
AVPR2,P30518,AVPR2,ENSG00000126895
AXL,P30530,AXL,ENSG00000167601
CHRNA5,P30532,CHRNA5,ENSG00000169684
LRPAP1,P30533,LRPAP1,ENSG00000163956
ADORA1,P30542,ADORA1,ENSG00000163485
GRPR,P30550,GRPR,ENSG00000126010
AGTR1,P30556,AGTR1,ENSG00000144891
OXTR,P30559,OXTR,ENSG00000180914
SSTR1,P30872,SSTR1,ENSG00000139874
SSTR2,P30874,SSTR2,ENSG00000180616
CHRNB4,P30926,CHRNB4,ENSG00000117971
HTR1F,P30939,HTR1F,ENSG00000179097
GNRHR,P30968,GNRHR,ENSG00000109163
CALCR,P30988,CALCR,ENSG00000004948
NTS,P30990,NTS,ENSG00000133636
CD52,P31358,CD52,ENSG00000169442
FGF9,P31371,FGF9,ENSG00000102678
SSTR4,P31391,SSTR4,ENSG00000132671
IL2RG,P31785,IL2RG,ENSG00000147168
CEACAM8,P31997,CEACAM8,ENSG00000124469
L1CAM,P32004,L1CAM,ENSG00000198910
CCKAR,P32238,CCKAR,ENSG00000163394
CCKBR,P32239,CCKBR,ENSG00000110148
VIPR1,P32241,VIPR1,ENSG00000114812
MC4R,P32245,MC4R,ENSG00000166603
CCR1,P32246,CCR1,ENSG00000163823
CCR7,P32248,CCR7,ENSG00000126353
CHRNA3,P32297,CHRNA3,ENSG00000080644
CXCR5,P32302,CXCR5,ENSG00000160683
SSTR3,P32745,SSTR3,ENSG00000278195
IFNA8,P32881,IFNA8,ENSG00000120242
CSF2RB,P32927,CSF2RB,ENSG00000100368
ICAM3,P32942,ICAM3,ENSG00000076662
CD70,P32970,CD70,ENSG00000125726
TNFSF8,P32971,TNFSF8,ENSG00000106952
MC5R,P33032,MC5R,ENSG00000176136
CDH5,P33151,CDH5,ENSG00000179776
CD80,P33681,CD80,ENSG00000121594
NTF4,P34130,NTF4,ENSG00000225950
RYK,P34925,RYK,ENSG00000163785
HTR7,P34969,HTR7,ENSG00000148680
CNR2,P34972,CNR2,ENSG00000188822
TRHR,P34981,TRHR,ENSG00000174417
PTGER1,P34995,PTGER1,ENSG00000160951
CRHR1,P34998,CRHR1,ENSG00000120088
CRHR1,P34998,CRHR1,ENSG00000276191
BTC,P35070,BTC,ENSG00000174808
IL13,P35225,IL13,ENSG00000169194
ADM,P35318,ADM,ENSG00000148926
SSTR5,P35346,SSTR5,ENSG00000162009
ADRA1A,P35348,ADRA1A,ENSG00000120907
HRH1,P35367,HRH1,ENSG00000196639
ADRA1B,P35368,ADRA1B,ENSG00000170214
OPRM1,P35372,OPRM1,ENSG00000112038
RORA,P35398,RORA,ENSG00000069667
PTGER4,P35408,PTGER4,ENSG00000171522
APLNR,P35414,APLNR,ENSG00000134817
THBS2,P35442,THBS2,ENSG00000186340
DRD3,P35462,DRD3,ENSG00000151577
FBN1,P35555,FBN1,ENSG00000166147
BSG,P35613,BSG,ENSG00000172270
FLT4,P35916,FLT4,ENSG00000037280
KDR,P35968,KDR,ENSG00000128052
GGT5,P36269,GGT5,ENSG00000099998
CHRNA7,P36544,CHRNA7,ENSG00000175344
FLT3,P36888,FLT3,ENSG00000122025
BMPR1A,P36894,BMPR1A,ENSG00000107779
ACVR1B,P36896,ACVR1B,ENSG00000135503
TGFBR1,P36897,TGFBR1,ENSG00000106799
LTBR,P36941,LTBR,ENSG00000111321
ACVRL1,P37023,ACVRL1,ENSG00000139567
HSD17B3,P37058,HSD17B3,ENSG00000130948
TGFBR2,P37173,TGFBR2,ENSG00000163513
PPARG,P37231,PPARG,ENSG00000132170
AVPR1A,P37288,AVPR1A,ENSG00000166148
IFNGR2,P38484,IFNGR2,ENSG00000159128
IFNGR2,P38484,IFNGR2,ENSG00000262795
ITGAE,P38570,ITGAE,ENSG00000083457
LIPA,P38571,LIPA,ENSG00000107798
COL15A1,P39059,COL15A1,ENSG00000204291
COL18A1,P39060,COL18A1,ENSG00000182871
GDNF,P39905,GDNF,ENSG00000168621
IL6ST,P40189,IL6ST,ENSG00000134352
CEACAM6,P40199,CEACAM6,ENSG00000086548
CD96,P40200,CD96,ENSG00000153283
THPO,P40225,THPO,ENSG00000090534
MPL,P40238,MPL,ENSG00000117400
IL15,P40933,IL15,ENSG00000164136
OPRD1,P41143,OPRD1,ENSG00000116329
OPRK1,P41145,OPRK1,ENSG00000082556
OPRL1,P41146,OPRL1,ENSG00000125510
LEP,P41159,LEP,ENSG00000174697
CD200,P41217,CD200,ENSG00000091972
WNT5A,P41221,WNT5A,ENSG00000114251
TNFSF9,P41273,TNFSF9,ENSG00000125657
VIPR2,P41587,VIPR2,ENSG00000106018
HTR2B,P41595,HTR2B,ENSG00000135914
CCR2,P41597,CCR2,ENSG00000121807
MC3R,P41968,MC3R,ENSG00000124089
CD86,P42081,CD86,ENSG00000114013
ASIP,P42127,ASIP,ENSG00000101440
AKR1C3,P42330,AKR1C3,ENSG00000196139
IL12RB1,P42701,IL12RB1,ENSG00000096996
LIFR,P42702,LIFR,ENSG00000113594
CXCL5,P42830,CXCL5,ENSG00000163735
GDF5,P43026,GDF5,ENSG00000125965
PTGFR,P43088,PTGFR,ENSG00000122420
PTGER3,P43115,PTGER3,ENSG00000050628
PTGER2,P43116,PTGER2,ENSG00000125384
PTGIR,P43119,PTGIR,ENSG00000160013
DCC,P43146,DCC,ENSG00000187323
GLP1R,P43220,GLP1R,ENSG00000112164
TNFRSF4,P43489,TNFRSF4,ENSG00000186827
KIR2DL1,P43626,KIR2DL1,ENSG00000276625
KIR2DL1,P43626,KIR2DL1,ENSG00000273794
KIR2DL1,P43626,KIR2DL1,ENSG00000278738
KIR2DL1,P43626,KIR2DL1,ENSG00000125498
KIR2DL1,P43626,KIR2DL1,ENSG00000278495
KIR2DL1,P43626,KIR2DL1,ENSG00000278821
KIR2DL1,P43626,KIR2DL1,ENSG00000277833
KIR2DL3,P43628,KIR2DL3,ENSG00000284510
KIR2DL3,P43628,KIR2DL3,ENSG00000274830
KIR2DL3,P43628,KIR2DL3,ENSG00000278327
KIR2DL3,P43628,KIR2DL3,ENSG00000283702
KIR2DL3,P43628,KIR2DL3,ENSG00000284333
KIR2DL3,P43628,KIR2DL3,ENSG00000283708
KIR2DL3,P43628,KIR2DL3,ENSG00000277924
KIR2DL3,P43628,KIR2DL3,ENSG00000283790
KIR2DL3,P43628,KIR2DL3,ENSG00000276459
KIR2DL3,P43628,KIR2DL3,ENSG00000274108
KIR2DL3,P43628,KIR2DL3,ENSG00000274402
KIR2DL3,P43628,KIR2DL3,ENSG00000276218
KIR2DL3,P43628,KIR2DL3,ENSG00000276590
KIR2DL3,P43628,KIR2DL3,ENSG00000274952
KIR2DL3,P43628,KIR2DL3,ENSG00000277317
KIR2DL3,P43628,KIR2DL3,ENSG00000274410
KIR2DL3,P43628,KIR2DL3,ENSG00000277484
KIR2DL3,P43628,KIR2DL3,ENSG00000277554
KIR2DL3,P43628,KIR2DL3,ENSG00000275623
KIR2DL3,P43628,KIR2DL3,ENSG00000275008
KIR2DL3,P43628,KIR2DL3,ENSG00000243772
KIR2DL3,P43628,KIR2DL3,ENSG00000284504
KIR2DL3,P43628,KIR2DL3,ENSG00000273887
KIR2DL3,P43628,KIR2DL3,ENSG00000275658
KIR3DL1,P43629,KIR3DL1,ENSG00000275288
KIR3DL1,P43629,KIR3DL1,ENSG00000284426
KIR3DL1,P43629,KIR3DL1,ENSG00000276423
KIR3DL1,P43629,KIR3DL1,ENSG00000274036
KIR3DL1,P43629,KIR3DL1,ENSG00000284342
KIR3DL1,P43629,KIR3DL1,ENSG00000167633
KIR3DL2,P43630,KIR3DL2,ENSG00000283951
KIR3DL2,P43630,KIR3DL2,ENSG00000278809
KIR3DL2,P43630,KIR3DL2,ENSG00000284063
KIR3DL2,P43630,KIR3DL2,ENSG00000283975
KIR3DL2,P43630,KIR3DL2,ENSG00000277181
KIR3DL2,P43630,KIR3DL2,ENSG00000284381
KIR3DL2,P43630,KIR3DL2,ENSG00000276357
KIR3DL2,P43630,KIR3DL2,ENSG00000274722
KIR3DL2,P43630,KIR3DL2,ENSG00000275416
KIR3DL2,P43630,KIR3DL2,ENSG00000278474
KIR3DL2,P43630,KIR3DL2,ENSG00000275626
KIR3DL2,P43630,KIR3DL2,ENSG00000276004
KIR3DL2,P43630,KIR3DL2,ENSG00000278442
KIR3DL2,P43630,KIR3DL2,ENSG00000278361
KIR3DL2,P43630,KIR3DL2,ENSG00000240403
KIR3DL2,P43630,KIR3DL2,ENSG00000276739
KIR3DL2,P43630,KIR3DL2,ENSG00000275566
KIR3DL2,P43630,KIR3DL2,ENSG00000275083
CHRNA4,P43681,CHRNA4,ENSG00000101204
GPR1,P46091,GPR1,ENSG00000183671
GPR1,P46091,GPR1,ENSG00000283448
CCR10,P46092,CCR10,ENSG00000184451
XCR1,P46094,XCR1,ENSG00000173578
HTR3A,P46098,HTR3A,ENSG00000166736
BAG6,P46379,BAG6,ENSG00000229524
BAG6,P46379,BAG6,ENSG00000204463
BAG6,P46379,BAG6,ENSG00000234651
BAG6,P46379,BAG6,ENSG00000233348
BAG6,P46379,BAG6,ENSG00000228760
BAG6,P46379,BAG6,ENSG00000096155
BAG6,P46379,BAG6,ENSG00000227761
NOTCH1,P46531,NOTCH1,ENSG00000148400
ASMT,P46597,ASMT,ENSG00000196433
BDKRB1,P46663,BDKRB1,ENSG00000100739
GALR1,P47211,GALR1,ENSG00000166573
GCGR,P47871,GCGR,ENSG00000215644
SCTR,P47872,SCTR,ENSG00000080293
ALDH1A3,P47895,ALDH1A3,ENSG00000184254
HTR5A,P47898,HTR5A,ENSG00000157219
AVPR1B,P47901,AVPR1B,ENSG00000198049
XCL1,P47992,XCL1,ENSG00000143184
FASLG,P48023,FASLG,ENSG00000117560
MTNR1A,P48039,MTNR1A,ENSG00000168412
CXCL12,P48061,CXCL12,ENSG00000107562
NPBWR1,P48145,NPBWR1,ENSG00000183729
NPBWR2,P48146,NPBWR2,ENSG00000277339
NPBWR2,P48146,NPBWR2,ENSG00000125522
LEPR,P48357,LEPR,ENSG00000116678
RXRG,P48443,RXRG,ENSG00000143171
GIPR,P48546,GIPR,ENSG00000010310
IFNAR2,P48551,IFNAR2,ENSG00000159110
NMU,P48645,NMU,ENSG00000109255
ADGRE5,P48960,ADGRE5,ENSG00000123146
PTH2R,P49190,PTH2R,ENSG00000144407
CX3CR1,P49238,CX3CR1,ENSG00000168329
MTNR1B,P49286,MTNR1B,ENSG00000134640
CXCR3,P49682,CXCR3,ENSG00000186810
PRLHR,P49683,PRLHR,ENSG00000119973
GPR15,P49685,GPR15,ENSG00000154165
PGF,P49763,PGF,ENSG00000119630
VEGFB,P49765,VEGFB,ENSG00000173511
VEGFC,P49767,VEGFC,ENSG00000150630
FLT3LG,P49771,FLT3LG,ENSG00000090554
ENTPD1,P49961,ENTPD1,ENSG00000138185
AGTR2,P50052,AGTR2,ENSG00000180772
HTR6,P50406,HTR6,ENSG00000158748
TNFSF10,P50591,TNFSF10,ENSG00000121858
RORC,P51449,RORC,ENSG00000143365
INSL3,P51460,INSL3,ENSG00000248099
GPC3,P51654,GPC3,ENSG00000147257
CCL11,P51671,CCL11,ENSG00000172156
CCR3,P51677,CCR3,ENSG00000183625
CCR4,P51679,CCR4,ENSG00000183813
CCR5,P51681,CCR5,ENSG00000160791
CCR6,P51684,CCR6,ENSG00000112486
CCR8,P51685,CCR8,ENSG00000179934
CCR9,P51686,CCR9,ENSG00000173585
PLXNA3,P51805,PLXNA3,ENSG00000130827
GPR143,P51810,GPR143,ENSG00000101850
AKR1D1,P51857,AKR1D1,ENSG00000122787
EFNA3,P52797,EFNA3,ENSG00000143590
EFNA4,P52798,EFNA4,ENSG00000243364
EFNB2,P52799,EFNB2,ENSG00000125266
EFNA5,P52803,EFNA5,ENSG00000184349
COL4A4,P53420,COL4A4,ENSG00000081052
ITGA8,P53708,ITGA8,ENSG00000077943
SLC16A1,P53985,SLC16A1,ENSG00000281917
SLC16A1,P53985,SLC16A1,ENSG00000155380
EPHB3,P54753,EPHB3,ENSG00000182580
EPHA5,P54756,EPHA5,ENSG00000145242
EPHB4,P54760,EPHB4,ENSG00000196411
EPHB1,P54762,EPHB1,ENSG00000154928
EPHA4,P54764,EPHA4,ENSG00000116106
GAS1,P54826,GAS1,ENSG00000180447
NR1H2,P55055,NR1H2,ENSG00000131408
DIO3,P55073,DIO3,ENSG00000197406
FGF8,P55075,FGF8,ENSG00000107831
UCN,P55089,UCN,ENSG00000163794
INHBC,P55103,INHBC,ENSG00000175189
GDF10,P55107,GDF10,ENSG00000266524
CDH6,P55285,CDH6,ENSG00000113361
CCL23,P55773,CCL23,ENSG00000274736
CCL23,P55773,CCL23,ENSG00000276114
CCL18,P55774,CCL18,ENSG00000275385
CCL18,P55774,CCL18,ENSG00000278006
CCL18,P55774,CCL18,ENSG00000278167
FCGRT,P55899,FCGRT,ENSG00000104870
GFRA1,P56159,GFRA1,ENSG00000151892
ITGA1,P56199,ITGA1,ENSG00000213949
WNT3,P56703,WNT3,ENSG00000277641
WNT3,P56703,WNT3,ENSG00000108379
WNT3A,P56704,WNT3A,ENSG00000154342
WNT4,P56705,WNT4,ENSG00000162552
WNT7B,P56706,WNT7B,ENSG00000188064
NRG3,P56975,NRG3,ENSG00000185737
JAM2,P57087,JAM2,ENSG00000154721
INHBE,P58166,INHBE,ENSG00000139269
PROK1,P58294,PROK1,ENSG00000143125
LILRA4,P59901,LILRA4,ENSG00000277092
LILRA4,P59901,LILRA4,ENSG00000274185
LILRA4,P59901,LILRA4,ENSG00000239961
LILRA4,P59901,LILRA4,ENSG00000276798
IL2,P60568,IL2,ENSG00000109471
CXCR4,P61073,CXCR4,ENSG00000121966
SST,P61278,SST,ENSG00000157005
B2M,P61769,B2M,ENSG00000166710
B2M,P61769,B2M,ENSG00000273686
TGFB2,P61812,TGFB2,ENSG00000092969
PPIA,P62937,PPIA,ENSG00000196262
SIRPA,P78324,SIRPA,ENSG00000198053
CX3CL1,P78423,CX3CL1,ENSG00000006210
JAG1,P78504,JAG1,ENSG00000101384
RELN,P78509,RELN,ENSG00000189056
IL13RA1,P78552,IL13RA1,ENSG00000131724
CCL20,P78556,CCL20,ENSG00000115009
CCL8,P80075,CCL8,ENSG00000108700
CCL7,P80098,CCL7,ENSG00000108688
CXCL6,P80162,CXCL6,ENSG00000124875
LCN2,P80188,LCN2,ENSG00000148346
DLK1,P80370,DLK1,ENSG00000185559
PRLH,P81277,PRLH,ENSG00000071677
VLDLR,P98155,VLDLR,ENSG00000147852
EFNB1,P98172,EFNB1,ENSG00000090776
NDP,Q00604,NDP,ENSG00000124479
IL9R,Q01113,IL9R,ENSG00000124334
IL5RA,Q01344,IL5RA,ENSG00000091181
IL1RL1,Q01638,IL1RL1,ENSG00000115602
MC2R,Q01718,MC2R,ENSG00000185231
MC1R,Q01726,MC1R,ENSG00000258839
COL4A3,Q01955,COL4A3,ENSG00000169031
ROR1,Q01973,ROR1,ENSG00000185483
ROR2,Q01974,ROR2,ENSG00000169071
TNFRSF17,Q02223,TNFRSF17,ENSG00000048462
NRG1,Q02297,NRG1,ENSG00000157168
COL7A1,Q02388,COL7A1,ENSG00000114270
DSG1,Q02413,DSG1,ENSG00000134760
DSC2,Q02487,DSC2,ENSG00000134755
GHRHR,Q02643,GHRHR,ENSG00000106128
TEK,Q02763,TEK,ENSG00000120156
TGFBR3,Q03167,TGFBR3,ENSG00000069702
PPARD,Q03181,PPARD,ENSG00000112033
PLAUR,Q03405,PLAUR,ENSG00000011422
PTH1R,Q03431,PTH1R,ENSG00000160801
COL10A1,Q03692,COL10A1,ENSG00000123500
NOTCH2,Q04721,NOTCH2,ENSG00000134250
ACVR1,Q04771,ACVR1,ENSG00000115170
MST1R,Q04912,MST1R,ENSG00000164078
COL14A1,Q05707,COL14A1,ENSG00000187955
CHRNB3,Q05901,CHRNB3,ENSG00000147432
TYRO3,Q06418,TYRO3,ENSG00000092445
LTB,Q06643,LTB,ENSG00000238114
LTB,Q06643,LTB,ENSG00000223448
LTB,Q06643,LTB,ENSG00000204487
LTB,Q06643,LTB,ENSG00000206437
LTB,Q06643,LTB,ENSG00000236925
LTB,Q06643,LTB,ENSG00000236237
LTB,Q06643,LTB,ENSG00000227507
LTB,Q06643,LTB,ENSG00000231314
TNFRSF9,Q07011,TNFRSF9,ENSG00000049249
COL16A1,Q07092,COL16A1,ENSG00000084636
CXCL9,Q07325,CXCL9,ENSG00000138755
KLRC3,Q07444,KLRC3,ENSG00000205810
PPARA,Q07869,PPARA,ENSG00000186951
IL10RB,Q08334,IL10RB,ENSG00000243646
DSC1,Q08554,DSC1,ENSG00000134765
CD47,Q08722,CD47,ENSG00000196776
FGL1,Q08830,FGL1,ENSG00000104760
APOBR,Q0VD83,APOBR,ENSG00000184730
BST2,Q10589,BST2,ENSG00000130303
CNTN1,Q12860,CNTN1,ENSG00000018236
MERTK,Q12866,MERTK,ENSG00000153208
KLRB1,Q12918,KLRB1,ENSG00000111796
IL24,Q13007,IL24,ENSG00000162892
NR1H3,Q13133,NR1H3,ENSG00000025434
KLRD1,Q13241,KLRD1,ENSG00000134539
PTGDR,Q13258,PTGDR,ENSG00000168229
IL15RA,Q13261,IL15RA,ENSG00000134470
SEMA3F,Q13275,SEMA3F,ENSG00000001617
GPR17,Q13304,GPR17,ENSG00000144230
CRHR2,Q13324,CRHR2,ENSG00000106113
PTPRS,Q13332,PTPRS,ENSG00000105426
ITGAD,Q13349,ITGAD,ENSG00000156886
FZD5,Q13467,FZD5,ENSG00000163251
MADCAM1,Q13477,MADCAM1,ENSG00000099866
IL18R1,Q13478,IL18R1,ENSG00000115604
PNOC,Q13519,PNOC,ENSG00000168081
SEMA5A,Q13591,SEMA5A,ENSG00000112902
PTCH1,Q13635,PTCH1,ENSG00000185920
HTR4,Q13639,HTR4,ENSG00000164270
IL10RA,Q13651,IL10RA,ENSG00000110324
ITGA7,Q13683,ITGA7,ENSG00000135424
ACVR2B,Q13705,ACVR2B,ENSG00000114739
ALCAM,Q13740,ALCAM,ENSG00000170017
ITGA9,Q13797,ITGA9,ENSG00000144668
BMPR2,Q13873,BMPR2,ENSG00000204217
COL4A6,Q14031,COL4A6,ENSG00000197565
COL9A3,Q14050,COL9A3,ENSG00000092758
COL9A2,Q14055,COL9A2,ENSG00000049089
LRP8,Q14114,LRP8,ENSG00000157193
IL18,Q14116,IL18,ENSG00000150782
DSG2,Q14126,DSG2,ENSG00000046604
EBI3,Q14213,EBI3,ENSG00000105246
SELPLG,Q14242,SELPLG,ENSG00000110876
FZD2,Q14332,FZD2,ENSG00000180340
GAS6,Q14393,GAS6,ENSG00000183087
SEMA3A,Q14563,SEMA3A,ENSG00000075213
DSC3,Q14574,DSC3,ENSG00000134762
IHH,Q14623,IHH,ENSG00000163501
IL11RA,Q14626,IL11RA,ENSG00000137070
IL13RA2,Q14627,IL13RA2,ENSG00000123496
ICAM4,Q14773,ICAM4,ENSG00000105371
PTGR1,Q14914,PTGR1,ENSG00000106853
KIR3DS1,Q14943,KIR3DS1,ENSG00000275434
COL19A1,Q14993,COL19A1,ENSG00000082293
PDCD1,Q15116,PDCD1,ENSG00000276977
PDCD1,Q15116,PDCD1,ENSG00000188389
PTGES3,Q15185,PTGES3,ENSG00000110958
NECTIN1,Q15223,NECTIN1,ENSG00000110400
ERBB4,Q15303,ERBB4,ENSG00000178568
EPHA7,Q15375,EPHA7,ENSG00000135333
ANGPT1,Q15389,ANGPT1,ENSG00000154188
DHCR24,Q15392,DHCR24,ENSG00000116133
SHH,Q15465,SHH,ENSG00000164690
LTB4R,Q15722,LTB4R,ENSG00000213903
LTB4R,Q15722,LTB4R,ENSG00000285456
SLC1A5,Q15758,SLC1A5,ENSG00000105281
CD226,Q15762,CD226,ENSG00000150637
EFNB3,Q15768,EFNB3,ENSG00000108947
CHRNA2,Q15822,CHRNA2,ENSG00000120903
CHRNA6,Q15825,CHRNA6,ENSG00000147434
ADIPOQ,Q15848,ADIPOQ,ENSG00000181092
NTRK3,Q16288,NTRK3,ENSG00000140538
IL17A,Q16552,IL17A,ENSG00000112115
ACKR1,Q16570,ACKR1,ENSG00000213088
C3AR1,Q16581,C3AR1,ENSG00000171860
CALCRL,Q16602,CALCRL,ENSG00000064989
NTRK2,Q16620,NTRK2,ENSG00000148053
CCL14,Q16627,CCL14,ENSG00000276409
CCL14,Q16627,CCL14,ENSG00000277236
PTGIS,Q16647,PTGIS,ENSG00000124212
CCL15,Q16663,CCL15,ENSG00000275718
CCL15,Q16663,CCL15,ENSG00000275528
AMHR2,Q16671,AMHR2,ENSG00000135409
LAMA3,Q16787,LAMA3,ENSG00000053747
LTC4S,Q16873,LTC4S,ENSG00000283887
LTC4S,Q16873,LTC4S,ENSG00000213316
COL24A1,Q17RW2,COL24A1,ENSG00000171502
MICB,Q29980,MICB,ENSG00000206449
MICB,Q29980,MICB,ENSG00000227772
MICB,Q29980,MICB,ENSG00000204516
MICB,Q29980,MICB,ENSG00000234218
MICB,Q29980,MICB,ENSG00000238289
MICA,Q29983,MICA,ENSG00000235233
MICA,Q29983,MICA,ENSG00000183214
RSPO4,Q2I0M5,RSPO4,ENSG00000101282
RSPO1,Q2MKA7,RSPO1,ENSG00000169218
COL28A1,Q2UY09,COL28A1,ENSG00000215018
HFE,Q30201,HFE,ENSG00000010704
TIGIT,Q495A1,TIGIT,ENSG00000181847
CDON,Q4KMG0,CDON,ENSG00000064309
HSD17B12,Q53GQ0,HSD17B12,ENSG00000149084
TREML2,Q5T2D2,TREML2,ENSG00000112195
SFRP5,Q5T4F7,SFRP5,ENSG00000120057
ARTN,Q5T4W7,ARTN,ENSG00000117407
COL13A1,Q5TAT6,COL13A1,ENSG00000197467
IL23R,Q5VWK5,IL23R,ENSG00000162594
RAET1L,Q5VY80,RAET1L,ENSG00000155918
CD276,Q5ZPR3,CD276,ENSG00000103855
NCR3LG1,Q68D85,NCR3LG1,ENSG00000188211
SFRP4,Q6FHJ7,SFRP4,ENSG00000106483
LAIR1,Q6GTX8,LAIR1,ENSG00000276163
LAIR1,Q6GTX8,LAIR1,ENSG00000167613
LAIR1,Q6GTX8,LAIR1,ENSG00000278154
LAIR1,Q6GTX8,LAIR1,ENSG00000276053
LAIR1,Q6GTX8,LAIR1,ENSG00000274110
RAET1G,Q6H3X3,RAET1G,ENSG00000203722
SIGIRR,Q6IA17,SIGIRR,ENSG00000185187
GDF6,Q6KF10,GDF6,ENSG00000156466
FDX2,Q6P4F2,FDX2,ENSG00000267673
CSPG4,Q6UVK1,CSPG4,ENSG00000173546
CLEC2A,Q6UVW9,CLEC2A,ENSG00000188393
IGFL1,Q6UW32,IGFL1,ENSG00000188293
EPGN,Q6UW88,EPGN,ENSG00000182585
IL27RA,Q6UWB1,IL27RA,ENSG00000104998
C10orf99,Q6UWK7,C10orf99,ENSG00000188373
IGFL2,Q6UWQ7,IGFL2,ENSG00000204866
IGFL3,Q6UXB1,IGFL3,ENSG00000188624
IL20RB,Q6UXL0,IL20RB,ENSG00000174564
RSPO2,Q6UXX9,RSPO2,ENSG00000147655
UNC5D,Q6UXZ4,UNC5D,ENSG00000156687
NPSR1,Q6W5P4,NPSR1,ENSG00000187258
SOSTDC1,Q6X4U4,SOSTDC1,ENSG00000171243
NSMF,Q6X4W1,NSMF,ENSG00000165802
SIGLEC15,Q6ZMC9,SIGLEC15,ENSG00000197046
SCARA5,Q6ZMJ2,SCARA5,ENSG00000168079
IL34,Q6ZMJ4,IL34,ENSG00000157368
UNC5A,Q6ZN44,UNC5A,ENSG00000113763
HTR3D,Q70Z44,HTR3D,ENSG00000186090
UTS2B,Q765I0,UTS2B,ENSG00000188958
CATSPER4,Q7RTX7,CATSPER4,ENSG00000188782
ADM2,Q7Z4H4,ADM2,ENSG00000128165
GDF7,Q7Z4P5,GDF7,ENSG00000143869
TAFA5,Q7Z5A7,TAFA5,ENSG00000219438
TAFA1,Q7Z5A9,TAFA1,ENSG00000183662
BMP8A,Q7Z5Y6,BMP8A,ENSG00000183682
BTLA,Q7Z6A9,BTLA,ENSG00000186265
ADIPOR2,Q86V24,ADIPOR2,ENSG00000285070
ADIPOR2,Q86V24,ADIPOR2,ENSG00000006831
IFNE,Q86WN2,IFNE,ENSG00000184995
CATSPERD,Q86XM0,CATSPERD,ENSG00000174898
CATSPER3,Q86XQ3,CATSPER3,ENSG00000152705
TMEM219,Q86XT9,TMEM219,ENSG00000149932
GPHB5,Q86YW7,GPHB5,ENSG00000179600
KLB,Q86Z14,KLB,ENSG00000134962
IFNL1,Q8IU54,IFNL1,ENSG00000182393
IFNLR1,Q8IU57,IFNLR1,ENSG00000185436
MT-RNR2,Q8IVG9,MT-RNR2,ENSG00000210082
COL27A1,Q8IZC6,COL27A1,ENSG00000196739
IFNL3,Q8IZI9,IFNL3,ENSG00000197110
IFNL2,Q8IZJ0,IFNL2,ENSG00000183709
UNC5B,Q8IZJ1,UNC5B,ENSG00000107731
CADM3,Q8N126,CADM3,ENSG00000162706
LILRB2,Q8N423,LILRB2,ENSG00000274513
LILRB2,Q8N423,LILRB2,ENSG00000131042
LILRB2,Q8N423,LILRB2,ENSG00000276146
LILRB2,Q8N423,LILRB2,ENSG00000275463
SFRP1,Q8N474,SFRP1,ENSG00000104332
IL22RA1,Q8N6P7,IL22RA1,ENSG00000142677
CD177,Q8N6Q3,CD177,ENSG00000204936
NPW,Q8N729,NPW,ENSG00000183971
IL17RC,Q8NAC3,IL17RC,ENSG00000163702
DAGLB,Q8NCG7,DAGLB,ENSG00000164535
KREMEN2,Q8NCW0,KREMEN2,ENSG00000131650
CATSPER1,Q8NEC5,CATSPER1,ENSG00000175294
ACVR1C,Q8NER5,ACVR1C,ENSG00000123612
IL27,Q8NEV9,IL27,ENSG00000197272
PROKR2,Q8NFJ6,PROKR2,ENSG00000101292
IL17RE,Q8NFR9,IL17RE,ENSG00000163701
COL22A1,Q8NFW1,COL22A1,ENSG00000169436
SEMA6D,Q8NFY4,SEMA6D,ENSG00000137872
CADM4,Q8NFZ8,CADM4,ENSG00000105767
NPB,Q8NG41,NPB,ENSG00000183979
LILRB4,Q8NHJ6,LILRB4,ENSG00000275730
LILRB4,Q8NHJ6,LILRB4,ENSG00000186818
LILRB1,Q8NHL6,LILRB1,ENSG00000274669
LILRB1,Q8NHL6,LILRB1,ENSG00000277807
PRXL2B,Q8TBF2,PRXL2B,ENSG00000157870
PROKR1,Q8TCW9,PROKR1,ENSG00000169618
RAET1E,Q8TD07,RAET1E,ENSG00000164520
CD200R1,Q8TD46,CD200R1,ENSG00000163606
HAVCR2,Q8TDQ0,HAVCR2,ENSG00000135077
OXER1,Q8TDS5,OXER1,ENSG00000162881
RXFP4,Q8TDU9,RXFP4,ENSG00000173080
GPR151,Q8TDV0,GPR151,ENSG00000173250
SLC22A17,Q8WUG5,SLC22A17,ENSG00000092096
NRG4,Q8WWG1,NRG4,ENSG00000169752
IL1F10,Q8WWZ1,IL1F10,ENSG00000136697
HTR3C,Q8WXA8,HTR3C,ENSG00000178084
RXFP2,Q8WXD0,RXFP2,ENSG00000133105
RLN3,Q8WXF3,RLN3,ENSG00000171136
CLEC2B,Q92478,CLEC2B,ENSG00000110852
CCL17,Q92583,CCL17,ENSG00000102970
SORL1,Q92673,SORL1,ENSG00000137642
NECTIN2,Q92692,NECTIN2,ENSG00000130202
ESR2,Q92731,ESR2,ENSG00000140009
RORB,Q92753,RORB,ENSG00000198963
FRZB,Q92765,FRZB,ENSG00000162998
SEMA4D,Q92854,SEMA4D,ENSG00000187764
GLG1,Q92896,GLG1,ENSG00000090863
TNFRSF14,Q92956,TNFRSF14,ENSG00000157873
TNFRSF14,Q92956,TNFRSF14,ENSG00000273936
TNFRSF25,Q93038,TNFRSF25,ENSG00000215788
WNT2B,Q93097,WNT2B,ENSG00000134245
WNT8B,Q93098,WNT8B,ENSG00000075290
TSLP,Q969D9,TSLP,ENSG00000145777
UCN3,Q969E3,UCN3,ENSG00000178473
MCHR2,Q969V1,MCHR2,ENSG00000152034
ADIPOR1,Q96A54,ADIPOR1,ENSG00000159346
COL26A1,Q96A83,COL26A1,ENSG00000160963
PTH2,Q96A98,PTH2,ENSG00000142538
ESAM,Q96AP7,ESAM,ENSG00000149564
NXNL1,Q96CM4,NXNL1,ENSG00000171773
KLRG1,Q96E93,KLRG1,ENSG00000139187
IL17RA,Q96F46,IL17RA,ENSG00000177663
SFRP2,Q96HF1,SFRP2,ENSG00000145423
SIGLEC10,Q96LC7,SIGLEC10,ENSG00000142512
TAFA4,Q96LR4,TAFA4,ENSG00000163377
ROBO3,Q96MS0,ROBO3,ENSG00000154134
KREMEN1,Q96MU8,KREMEN1,ENSG00000183762
NECTIN4,Q96NY8,NECTIN4,ENSG00000143217
COL21A1,Q96P44,COL21A1,ENSG00000124749
CATSPER2,Q96P56,CATSPER2,ENSG00000166762
GNRHR2,Q96P88,GNRHR2,ENSG00000211451
IL17F,Q96PD4,IL17F,ENSG00000112116
HHIP,Q96QV1,HHIP,ENSG00000164161
NR1H4,Q96RI1,NR1H4,ENSG00000012504
TNFRSF13C,Q96RJ3,TNFRSF13C,ENSG00000159958
UCN2,Q96RP3,UCN2,ENSG00000145040
NODAL,Q96S42,NODAL,ENSG00000156574
GPHA2,Q96T91,GPHA2,ENSG00000149735
CSF3R,Q99062,CSF3R,ENSG00000119535
HBEGF,Q99075,HBEGF,ENSG00000113070
NELL2,Q99435,NELL2,ENSG00000184613
NOTCH4,Q99466,NOTCH4,ENSG00000223355
NOTCH4,Q99466,NOTCH4,ENSG00000238196
NOTCH4,Q99466,NOTCH4,ENSG00000204301
NOTCH4,Q99466,NOTCH4,ENSG00000234876
SORT1,Q99523,SORT1,ENSG00000134243
GPER1,Q99527,GPER1,ENSG00000164850
CCL13,Q99616,CCL13,ENSG00000181374
OSMR,Q99650,OSMR,ENSG00000145623
IL12RB2,Q99665,IL12RB2,ENSG00000081985
MCHR1,Q99705,MCHR1,ENSG00000128285
COL12A1,Q99715,COL12A1,ENSG00000111799
CCL19,Q99731,CCL19,ENSG00000172724
NRTN,Q99748,NRTN,ENSG00000171119
CMKLR1,Q99788,CMKLR1,ENSG00000174600
RARRES2,Q99969,RARRES2,ENSG00000106538
OMD,Q99983,OMD,ENSG00000127083
SEMA3C,Q99985,SEMA3C,ENSG00000075223
DHRS9,Q9BPW9,DHRS9,ENSG00000073737
PDCD1LG2,Q9BQ51,PDCD1LG2,ENSG00000197646
SPX,Q9BT56,SPX,ENSG00000134548
BOC,Q9BWV1,BOC,ENSG00000144857
JAM3,Q9BX67,JAM3,ENSG00000166086
STRA6,Q9BX79,STRA6,ENSG00000137868
LGR4,Q9BXB1,LGR4,ENSG00000205213
AMN,Q9BXJ7,AMN,ENSG00000166126
RSPO3,Q9BXY4,RSPO3,ENSG00000146374
CADM1,Q9BY67,CADM1,ENSG00000182985
ULBP3,Q9BZM4,ULBP3,ENSG00000131019
ULBP2,Q9BZM5,ULBP2,ENSG00000131015
ULBP1,Q9BZM6,ULBP1,ENSG00000111981
CD244,Q9BZW8,CD244,ENSG00000122223
SIGLEC1,Q9BZZ2,SIGLEC1,ENSG00000088827
SEMA4C,Q9C0C4,SEMA4C,ENSG00000168758
PDGFD,Q9GZP0,PDGFD,ENSG00000170962
NMUR2,Q9GZQ4,NMUR2,ENSG00000132911
WNT10A,Q9GZT5,WNT10A,ENSG00000135925
FGF23,Q9GZV9,FGF23,ENSG00000118972
IL22,Q9GZX6,IL22,ENSG00000127318
GFRA4,Q9GZZ7,GFRA4,ENSG00000125861
WNT8A,Q9H1J5,WNT8A,ENSG00000061492
WNT5B,Q9H1J7,WNT5B,ENSG00000111186
IL25,Q9H293,IL25,ENSG00000166090
CXCL16,Q9H2A7,CXCL16,ENSG00000161921
SEMA6A,Q9H2E6,SEMA6A,ENSG00000092421
CLEC4M,Q9H2X3,CLEC4M,ENSG00000104938
HRH4,Q9H3N8,HRH4,ENSG00000134489
SEMA4A,Q9H3S1,SEMA4A,ENSG00000196189
FZD8,Q9H461,FZD8,ENSG00000177283
DPEP2,Q9H4A9,DPEP2,ENSG00000167261
DPEP3,Q9H4B8,DPEP3,ENSG00000141096
EPB41L1,Q9H4G0,EPB41L1,ENSG00000088367
IGFLR1,Q9H665,IGFLR1,ENSG00000126246
CATSPERB,Q9H7T0,CATSPERB,ENSG00000274338
CATSPERB,Q9H7T0,CATSPERB,ENSG00000133962
PTGES2,Q9H7Z7,PTGES2,ENSG00000148334
IL1RL2,Q9HB29,IL1RL2,ENSG00000115598
NTN4,Q9HB63,NTN4,ENSG00000074527
NMUR1,Q9HB89,NMUR1,ENSG00000171596
IL21,Q9HBE4,IL21,ENSG00000138684
IL21R,Q9HBE5,IL21R,ENSG00000103522
LGR6,Q9HBX8,LGR6,ENSG00000133067
RXFP1,Q9HBX9,RXFP1,ENSG00000171509
PROK2,Q9HC23,PROK2,ENSG00000163421
CRLF2,Q9HC73,CRLF2,ENSG00000205755
ROBO2,Q9HCK4,ROBO2,ENSG00000185008
PLXNA4,Q9HCM2,PLXNA4,ENSG00000221866
FGF22,Q9HCT0,FGF22,ENSG00000070388
CD209,Q9NNX6,CD209,ENSG00000090659
TNFRSF12A,Q9NP84,TNFRSF12A,ENSG00000006327
FGF20,Q9NP95,FGF20,ENSG00000078579
ACKR4,Q9NPB9,ACKR4,ENSG00000129048
LTB4R2,Q9NPC1,LTB4R2,ENSG00000213906
LTB4R2,Q9NPC1,LTB4R2,ENSG00000285203
IL23A,Q9NPF7,IL23A,ENSG00000110944
FZD3,Q9NPG1,FZD3,ENSG00000104290
IL1RAP,Q9NPH3,IL1RAP,ENSG00000196083
IL26,Q9NPH9,IL26,ENSG00000111536
NECTIN3,Q9NQS3,NECTIN3,ENSG00000177707
GDF3,Q9NR23,GDF3,ENSG00000184344
DLL4,Q9NR61,DLL4,ENSG00000128917
TLR8,Q9NR97,TLR8,ENSG00000101916
PDGFC,Q9NRA1,PDGFC,ENSG00000145431
CCL28,Q9NRJ3,CCL28,ENSG00000151882
IL17RB,Q9NRM6,IL17RB,ENSG00000056736
HEBP1,Q9NRV9,HEBP1,ENSG00000013583
CYSLTR2,Q9NS75,CYSLTR2,ENSG00000152207
FGF21,Q9NSA1,FGF21,ENSG00000105550
RXFP3,Q9NSD7,RXFP3,ENSG00000182631
RXFP3,Q9NSD7,RXFP3,ENSG00000277069
SEMA4G,Q9NTN9,SEMA4G,ENSG00000095539
DLL3,Q9NYJ7,DLL3,ENSG00000090932
IL20,Q9NYY1,IL20,ENSG00000162891
PODXL2,Q9NZ53,PODXL2,ENSG00000114631
TREM2,Q9NZC2,TREM2,ENSG00000095970
IL37,Q9NZH6,IL37,ENSG00000125571
IL36B,Q9NZH7,IL36B,ENSG00000136696
IL36G,Q9NZH8,IL36G,ENSG00000136688
CD274,Q9NZQ7,CD274,ENSG00000120217
KLRF1,Q9NZS2,KLRF1,ENSG00000150045
IL17C,Q9P0M4,IL17C,ENSG00000124391
IFNK,Q9P0W0,IFNK,ENSG00000147896
SIRPG,Q9P1W8,SIRPG,ENSG00000089012
COL20A1,Q9P218,COL20A1,ENSG00000101203
C5AR2,Q9P296,C5AR2,ENSG00000134830
GALP,Q9UBC7,GALP,ENSG00000197487
XCL2,Q9UBD3,XCL2,ENSG00000143185
CLCF1,Q9UBD9,CLCF1,ENSG00000175505
IL36RN,Q9UBH0,IL36RN,ENSG00000136695
HCST,Q9UBK5,HCST,ENSG00000126264
DHCR7,Q9UBM7,DHCR7,ENSG00000172893
TNFRSF10D,Q9UBN6,TNFRSF10D,ENSG00000173530
DKK2,Q9UBU2,DKK2,ENSG00000155011
GHRL,Q9UBU3,GHRL,ENSG00000157017
WNT16,Q9UBV4,WNT16,ENSG00000002745
KL,Q9UEF7,KL,ENSG00000133116
SUSD2,Q9UGT4,SUSD2,ENSG00000099994
IL36A,Q9UHA7,IL36A,ENSG00000136694
IL19,Q9UHD0,IL19,ENSG00000142224
TAC3,Q9UHF0,TAC3,ENSG00000166863
IL20RA,Q9UHF4,IL20RA,ENSG00000016402
CLEC2D,Q9UHP7,CLEC2D,ENSG00000069493
PLXNA1,Q9UIW2,PLXNA1,ENSG00000114554
GDF2,Q9UK05,GDF2,ENSG00000263761
PILRA,Q9UKJ1,PILRA,ENSG00000085514
UTS2R,Q9UKP6,UTS2R,ENSG00000181408
ITGA11,Q9UKX5,ITGA11,ENSG00000137809
CDH7,Q9ULB5,CDH7,ENSG00000081138
PLXNB3,Q9ULL4,PLXNB3,ENSG00000198753
FZD4,Q9ULV1,FZD4,ENSG00000174804
FZD10,Q9ULW2,FZD10,ENSG00000111432
APLN,Q9ULZ1,APLN,ENSG00000171388
NOTCH3,Q9UM47,NOTCH3,ENSG00000074181
ALK,Q9UM73,ALK,ENSG00000171094
COL17A1,Q9UMD9,COL17A1,ENSG00000065618
TNFSF18,Q9UNG2,TNFSF18,ENSG00000120337
PROCR,Q9UNN8,PROCR,ENSG00000101000
FZD1,Q9UP38,FZD1,ENSG00000157240
TFR2,Q9UP52,TFR2,ENSG00000106327
JAG2,Q9Y219,JAG2,ENSG00000184916
CCL26,Q9Y258,CCL26,ENSG00000006606
ANGPT4,Q9Y264,ANGPT4,ENSG00000101280
CYSLTR1,Q9Y271,CYSLTR1,ENSG00000173198
TNFSF13B,Q9Y275,TNFSF13B,ENSG00000102524
GPR55,Q9Y2T6,GPR55,ENSG00000135898
DAGLA,Q9Y4D2,DAGLA,ENSG00000134780
PLXND1,Q9Y4D7,PLXND1,ENSG00000004399
CCL27,Q9Y4X3,CCL27,ENSG00000213927
HRH3,Q9Y5N1,HRH3,ENSG00000101180
INSL5,Q9Y5Q6,INSL5,ENSG00000172410
TNFRSF18,Q9Y5U5,TNFRSF18,ENSG00000186891
WIF1,Q9Y5W5,WIF1,ENSG00000156076
PTGDR2,Q9Y5Y4,PTGDR2,ENSG00000183134
F11R,Q9Y624,F11R,ENSG00000158769
PTCH2,Q9Y6C5,PTCH2,ENSG00000117425
WNT6,Q9Y6F9,WNT6,ENSG00000115596
ROBO1,Q9Y6N7,ROBO1,ENSG00000169855
TNFRSF11A,Q9Y6Q6,TNFRSF11A,ENSG00000141655
ICOS,Q9Y6W8,ICOS,ENSG00000163600
FCAR,P24071,FCAR,ENSG00000276985
CHL1,O00533,CHL1,ENSG00000134121
LILRA2,Q8N149,LILRA2,ENSG00000274000
FCAR,P24071,FCAR,ENSG00000275564
CDCP1,Q9H5V8,CDCP1,ENSG00000163814
CD320,Q9NPF0,CD320,ENSG00000167775
FCAR,P24071,FCAR,ENSG00000276858
LILRB5,O75023,LILRB5,ENSG00000277414
FCAR,P24071,FCAR,ENSG00000275269
VASN,Q6EMK4,VASN,ENSG00000168140
GP6,Q9HCN6,GP6,ENSG00000277439
FCAR,P24071,FCAR,ENSG00000273738
LILRB5,O75023,LILRB5,ENSG00000274311
APLP2,Q06481,APLP2,ENSG00000084234
KIR2DL5A,Q8N109,KIR2DL5A,ENSG00000274143
KIR2DS4,P43632,KIR2DS4,ENSG00000276395
MOSPD2,Q8NHP6,MOSPD2,ENSG00000130150
FCAR,P24071,FCAR,ENSG00000278415
SLC3A2,P08195,SLC3A2,ENSG00000168003
NT5E,P21589,NT5E,ENSG00000135318
LYVE1,Q9Y5Y7,LYVE1,ENSG00000133800
SDC2,P34741,SDC2,ENSG00000169439
VASN,Q6EMK4,VASN,ENSG00000274334
LILRB3,O75022,LILRB3,ENSG00000275019
LILRB5,O75023,LILRB5,ENSG00000273991
CLSTN1,O94985,CLSTN1,ENSG00000171603
SEMA4B,Q9NPR2,SEMA4B,ENSG00000185033
BTN3A1,O00481,BTN3A1,ENSG00000026950
KIR2DS4,P43632,KIR2DS4,ENSG00000274957
FCRL1,Q96LA6,FCRL1,ENSG00000163534
FCAR,P24071,FCAR,ENSG00000186431
OSCAR,Q8IYS5,OSCAR,ENSG00000275736
FCER1A,P12319,FCER1A,ENSG00000179639
KIR2DS4,P43632,KIR2DS4,ENSG00000275731
NOMO2,Q5JPE7,NOMO2,ENSG00000185164
GP6,Q9HCN6,GP6,ENSG00000088053
IGSF8,Q969P0,IGSF8,ENSG00000162729
LILRA2,Q8N149,LILRA2,ENSG00000278634
KIR2DS4,P43632,KIR2DS4,ENSG00000276154
CD300LF,Q8TDQ1,CD300LF,ENSG00000186074
KIR3DL3,Q8N743,KIR3DL3,ENSG00000274639
NRCAM,Q92823,NRCAM,ENSG00000091129
SLAMF6,Q96DU3,SLAMF6,ENSG00000162739
CD248,Q9HCU0,CD248,ENSG00000174807
KIR2DS4,P43632,KIR2DS4,ENSG00000274406
MCAM,P43121,MCAM,ENSG00000076706
CD93,Q9NPY3,CD93,ENSG00000125810
ADGRE2,Q9UHX3,ADGRE2,ENSG00000127507
CEACAM4,O75871,CEACAM4,ENSG00000274131
SLITRK4,Q8IW52,SLITRK4,ENSG00000179542
KIR2DS4,P43632,KIR2DS4,ENSG00000274947
PTPRF,P10586,PTPRF,ENSG00000142949
KIR2DS4,P43632,KIR2DS4,ENSG00000276634
ITM2A,O43736,ITM2A,ENSG00000078596
CCDC47,Q96A33,CCDC47,ENSG00000108588
CEACAM4,O75871,CEACAM4,ENSG00000105352
KIR2DS4,P43632,KIR2DS4,ENSG00000275353
SEMA6B,Q9H3T3,SEMA6B,ENSG00000167680
DDR2,Q16832,DDR2,ENSG00000162733
TMEM132A,Q24JP5,TMEM132A,ENSG00000006118
TMED2,Q15363,TMED2,ENSG00000086598
LILRB3,O75022,LILRB3,ENSG00000274587
FCAR,P24071,FCAR,ENSG00000275136
KIAA1324,Q6UXG2,KIAA1324,ENSG00000116299
M6PR,P20645,M6PR,ENSG00000003056
MPZL1,O95297,MPZL1,ENSG00000197965
OSCAR,Q8IYS5,OSCAR,ENSG00000170909
KIR2DS4,P43632,KIR2DS4,ENSG00000276885
LILRB5,O75023,LILRB5,ENSG00000278437
ATP1B1,P05026,ATP1B1,ENSG00000143153
SDC4,P31431,SDC4,ENSG00000124145
FCAR,P24071,FCAR,ENSG00000275970
PI16,Q6UXB8,PI16,ENSG00000164530
NCR2,O95944,NCR2,ENSG00000096264
LILRB3,O75022,LILRB3,ENSG00000204577
NEGR1,Q7Z3B1,NEGR1,ENSG00000172260
LILRB5,O75023,LILRB5,ENSG00000105609
MILR1,Q7Z6M3,MILR1,ENSG00000271605
JAML,Q86YT9,JAML,ENSG00000160593
PIGR,P01833,PIGR,ENSG00000162896
LILRA2,Q8N149,LILRA2,ENSG00000239998
LILRA2,Q8N149,LILRA2,ENSG00000275290
CNTNAP1,P78357,CNTNAP1,ENSG00000108797
OLR1,P78380,OLR1,ENSG00000173391
CD33,P20138,CD33,ENSG00000105383
PTGFRN,Q9P2B2,PTGFRN,ENSG00000134247
KIR3DL3,Q8N743,KIR3DL3,ENSG00000276196
FCAR,P24071,FCAR,ENSG00000274580
BST1,Q10588,BST1,ENSG00000109743
LRRC15,Q8TF66,LRRC15,ENSG00000172061
CPM,P14384,CPM,ENSG00000135678
PEAR1,Q5VY43,PEAR1,ENSG00000187800
OSCAR,Q8IYS5,OSCAR,ENSG00000274703
OSCAR,Q8IYS5,OSCAR,ENSG00000278378
OSCAR,Q8IYS5,OSCAR,ENSG00000275551
OSCAR,Q8IYS5,OSCAR,ENSG00000277088
OSCAR,Q8IYS5,OSCAR,ENSG00000278533
OSCAR,Q8IYS5,OSCAR,ENSG00000275644
OSCAR,Q8IYS5,OSCAR,ENSG00000276982
OSCAR,Q8IYS5,OSCAR,ENSG00000273511
FCAR,P24071,FCAR,ENSG00000283953
FCAR,P24071,FCAR,ENSG00000284245
KIR2DS4,P43632,KIR2DS4,ENSG00000283870
FCAR,P24071,FCAR,ENSG00000283750
KIR2DS4,P43632,KIR2DS4,ENSG00000284264
KIR2DS4,P43632,KIR2DS4,ENSG00000283882
FCAR,P24071,FCAR,ENSG00000284004
FCAR,P24071,FCAR,ENSG00000284061
CGB1,A6NKQ9,CGB1,ENSG00000267631
CD300LB,A8K4G0,CD300LB,ENSG00000178789
KCNU1,A8MYU2,KCNU1,ENSG00000215262
KCNK1,O00180,KCNK1,ENSG00000135750
GRM8,O00222,GRM8,ENSG00000179603
F2RL2,O00254,F2RL2,ENSG00000164220
SLC1A7,O00341,SLC1A7,ENSG00000162383
ADGRB1,O14514,ADGRB1,ENSG00000181790
SLC9A3R1,O14745,SLC9A3R1,ENSG00000109062
GABRD,O14764,GABRD,ENSG00000187730
TAX1BP3,O14907,TAX1BP3,ENSG00000213977
NPFF,O15130,NPFF,ENSG00000139574
GRM6,O15303,GRM6,ENSG00000113262
GRIN2D,O15399,GRIN2D,ENSG00000105464
SLC16A3,O15427,SLC16A3,ENSG00000141526
FLRT2,O43155,FLRT2,ENSG00000185070
ADAM12,O43184,ADAM12,ENSG00000148848
GPR39,O43194,GPR39,ENSG00000183840
LRRTM2,O43300,LRRTM2,ENSG00000146006
ATP8B1,O43520,ATP8B1,ENSG00000081923
ADGRB2,O60241,ADGRB2,ENSG00000121753
ADGRB3,O60242,ADGRB3,ENSG00000135298
ATP10A,O60312,ATP10A,ENSG00000206190
CRLF1,O75462,CRLF1,ENSG00000006016
UPK3A,O75631,UPK3A,ENSG00000100373
UPK1B,O75841,UPK1B,ENSG00000114638
GABBR2,O75899,GABBR2,ENSG00000136928
MPDZ,O75970,MPDZ,ENSG00000107186
C1QL1,O75973,C1QL1,ENSG00000131094
NCR1,O76036,NCR1,ENSG00000275156
NCR1,O76036,NCR1,ENSG00000273535
NCR1,O76036,NCR1,ENSG00000278362
NCR1,O76036,NCR1,ENSG00000189430
ADGRL1,O94910,ADGRL1,ENSG00000072071
GLS,O94925,GLS,ENSG00000115419
SLITRK3,O94933,SLITRK3,ENSG00000121871
SLITRK5,O94991,SLITRK5,ENSG00000165300
KCNK2,O95069,KCNK2,ENSG00000082482
ADGRL2,O95490,ADGRL2,ENSG00000117114
NTSR2,O95665,NTSR2,ENSG00000169006
LY86,O95711,LY86,ENSG00000112799
TSPAN12,O95859,TSPAN12,ENSG00000106025
SLC16A8,O95907,SLC16A8,ENSG00000100156
PPY,P01298,PPY,ENSG00000108849
NPY,P01303,NPY,ENSG00000122585
CD4,P01730,CD4,ENSG00000010610
RLN1,P04808,RLN1,ENSG00000107018
CYBB,P04839,CYBB,ENSG00000165168
EDN1,P05305,EDN1,ENSG00000078401
CD1A,P06126,CD1A,ENSG00000158477
CHRNG,P07510,CHRNG,ENSG00000196811
CD3E,P07766,CD3E,ENSG00000198851
CTSG,P08311,CTSG,ENSG00000100448
FCGR3A,P08637,FCGR3A,ENSG00000203747
CD3G,P09693,CD3G,ENSG00000160654
CGB3,P0DN86,CGB3,ENSG00000104827
CGB7,P0DN87,CGB7,ENSG00000196337
PYY,P10082,PYY,ENSG00000131096
CHRNB1,P11230,CHRNB1,ENSG00000170175
CHRNB1,P11230,CHRNB1,ENSG00000283946
CD79A,P11912,CD79A,ENSG00000105369
FCGR1A,P12314,FCGR1A,ENSG00000150337
CYBA,P13498,CYBA,ENSG00000051523
EDN3,P14138,EDN3,ENSG00000124205
GABRA1,P14867,GABRA1,ENSG00000022355
KCNA2,P16389,KCNA2,ENSG00000177301
GJA1,P17302,GJA1,ENSG00000152661
TYRP1,P17643,TYRP1,ENSG00000107165
TPH1,P17752,TPH1,ENSG00000129167
PTPRA,P18433,PTPRA,ENSG00000132670
GABRG2,P18507,GABRG2,ENSG00000113327
SDC1,P18827,SDC1,ENSG00000115884
EDN2,P20800,EDN2,ENSG00000127129
CD247,P20963,CD247,ENSG00000198821
CD9,P21926,CD9,ENSG00000010278
TGM2,P21980,TGM2,ENSG00000198959
KCNA4,P22459,KCNA4,ENSG00000182255
PTGS1,P23219,PTGS1,ENSG00000095303
GLRA1,P23415,GLRA1,ENSG00000145888
GLRA2,P23416,GLRA2,ENSG00000101958
CBLN1,P23435,CBLN1,ENSG00000102924
PTPRD,P23468,PTPRD,ENSG00000153707
PTPRD,P23468,PTPRD,ENSG00000282932
SLC6A2,P23975,SLC6A2,ENSG00000103546
LAMA2,P24043,LAMA2,ENSG00000196569
EDNRB,P24530,EDNRB,ENSG00000136160
EDNRA,P25101,EDNRA,ENSG00000151617
F2R,P25116,F2R,ENSG00000181104
NPY1R,P25929,NPY1R,ENSG00000164128
GABRB3,P28472,GABRB3,ENSG00000166206
HSD11B1,P28845,HSD11B1,ENSG00000117594
CD1B,P29016,CD1B,ENSG00000158485
CD1C,P29017,CD1C,ENSG00000158481
GNA11,P29992,GNA11,ENSG00000088256
FCER1G,P30273,FCER1G,ENSG00000158869
SLC6A1,P30531,SLC6A1,ENSG00000157103
NTSR1,P30989,NTSR1,ENSG00000101188
SLC6A6,P31641,SLC6A6,ENSG00000131389
GABRA5,P31644,GABRA5,ENSG00000186297
SLC6A4,P31645,SLC6A4,ENSG00000108576
SHMT1,P34896,SHMT1,ENSG00000176974
SHMT2,P34897,SHMT2,ENSG00000182199
GABRA3,P34903,GABRA3,ENSG00000011677
SFTPD,P35247,SFTPD,ENSG00000133661
PTGS2,P35354,PTGS2,ENSG00000073756
TIE1,P35590,TIE1,ENSG00000066056
GJA5,P36382,GJA5,ENSG00000265107
GJC1,P36383,GJC1,ENSG00000182963
HSD17B2,P37059,HSD17B2,ENSG00000086696
SCNN1A,P37088,SCNN1A,ENSG00000111319
GRIK1,P39086,GRIK1,ENSG00000171189
DCT,P40126,DCT,ENSG00000080166
CD79B,P40259,CD79B,ENSG00000007312
PTGDS,P41222,PTGDS,ENSG00000107317
ADCYAP1R1,P41586,ADCYAP1R1,ENSG00000078549
GRM5,P41594,GRM5,ENSG00000168959
GRIA1,P42261,GRIA1,ENSG00000155511
GRIA2,P42262,GRIA2,ENSG00000120251
GRIA3,P42263,GRIA3,ENSG00000125675
SLC1A3,P43003,SLC1A3,ENSG00000079215
SLC1A2,P43004,SLC1A2,ENSG00000110436
SLC1A1,P43005,SLC1A1,ENSG00000106688
SSR1,P43307,SSR1,ENSG00000124783
SSR2,P43308,SSR2,ENSG00000163479
GABRA2,P47869,GABRA2,ENSG00000151834
GABRB2,P47870,GABRB2,ENSG00000145864
SLC6A8,P48029,SLC6A8,ENSG00000130821
GRIA4,P48058,GRIA4,ENSG00000152578
SLC6A12,P48065,SLC6A12,ENSG00000111181
SLC6A11,P48066,SLC6A11,ENSG00000132164
SLC6A9,P48067,SLC6A9,ENSG00000196517
GLRB,P48167,GLRB,ENSG00000109738
GABRA4,P48169,GABRA4,ENSG00000109158
SLC1A6,P48664,SLC1A6,ENSG00000105143
NPY2R,P49146,NPY2R,ENSG00000185149
PSEN1,P49768,PSEN1,ENSG00000080815
PSEN2,P49810,PSEN2,ENSG00000143801
NPY4R,P50391,NPY4R,ENSG00000204174
SCNN1B,P51168,SCNN1B,ENSG00000168447
SCNN1G,P51170,SCNN1G,ENSG00000166828
SCNN1D,P51172,SCNN1D,ENSG00000162572
SSR4,P51571,SSR4,ENSG00000180879
GPM6A,P51674,GPM6A,ENSG00000150625
SLC18A1,P54219,SLC18A1,ENSG00000036565
ATP12A,P54707,ATP12A,ENSG00000075673
NRXN1,P58400,NRXN1,ENSG00000179915
NRXN2,P58401,NRXN2,ENSG00000110076
CD81,P60033,CD81,ENSG00000110651
S100A10,P60903,S100A10,ENSG00000197747
RACK1,P63244,RACK1,ENSG00000204628
GABRE,P78334,GABRE,ENSG00000102287
DLG4,P78352,DLG4,ENSG00000132535
BTN3A2,P78410,BTN3A2,ENSG00000186470
QRFP,P83859,QRFP,ENSG00000188710
PKD1,P98161,PKD1,ENSG00000008710
ATP11A,P98196,ATP11A,ENSG00000068650
ATP8B2,P98198,ATP8B2,ENSG00000143515
MS4A2,Q01362,MS4A2,ENSG00000149534
SLC7A5,Q01650,SLC7A5,ENSG00000103257
SLC6A3,Q01959,SLC6A3,ENSG00000142319
SLC6A3,Q01959,SLC6A3,ENSG00000276996
CNTN2,Q02246,CNTN2,ENSG00000184144
CHRNE,Q04844,CHRNE,ENSG00000108556
GAD2,Q05329,GAD2,ENSG00000136750
GRIN1,Q05586,GRIN1,ENSG00000176884
SLC18A2,Q05940,SLC18A2,ENSG00000165646
CHRND,Q07001,CHRND,ENSG00000135902
CD300C,Q08708,CD300C,ENSG00000167850
GRIN2A,Q12879,GRIN2A,ENSG00000183454
GRIK2,Q13002,GRIK2,ENSG00000164418
GRIK3,Q13003,GRIK3,ENSG00000163873
GRIN2B,Q13224,GRIN2B,ENSG00000273079
GRM1,Q13255,GRM1,ENSG00000152822
PKD2,Q13563,PKD2,ENSG00000118762
SLC12A1,Q13621,SLC12A1,ENSG00000074803
DAG1,Q14118,DAG1,ENSG00000173402
GRM2,Q14416,GRM2,ENSG00000164082
SLC29A2,Q14542,SLC29A2,ENSG00000174669
KCNB1,Q14721,KCNB1,ENSG00000158445
GRM7,Q14831,GRM7,ENSG00000196277
GRM3,Q14832,GRM3,ENSG00000198822
GRM4,Q14833,GRM4,ENSG00000124493
GRIN2C,Q14957,GRIN2C,ENSG00000161509
KISS1,Q15726,KISS1,ENSG00000170498
NPY5R,Q15761,NPY5R,ENSG00000164129
GRIK4,Q16099,GRIK4,ENSG00000149403
GABRA6,Q16445,GABRA6,ENSG00000145863
GRIK5,Q16478,GRIK5,ENSG00000105737
SLC18A3,Q16572,SLC18A3,ENSG00000187714
DUOXA1,Q1HG43,DUOXA1,ENSG00000140254
TMEM30B,Q3MIR4,TMEM30B,ENSG00000182107
CD300E,Q496F6,CD300E,ENSG00000186407
NMS,Q5H8A3,NMS,ENSG00000204640
C1QL3,Q5VWW1,C1QL3,ENSG00000165985
TENM4,Q6N022,TENM4,ENSG00000149256
CGB2,Q6NT52,CGB2,ENSG00000104818
KCNIP4,Q6PIL6,KCNIP4,ENSG00000185774
KCNV1,Q6PIU1,KCNV1,ENSG00000164794
LRFN4,Q6PJG9,LRFN4,ENSG00000173621
CD300LD,Q6UXZ3,CD300LD,ENSG00000204345
FAT4,Q6V0I7,FAT4,ENSG00000196159
SLC29A4,Q7RTT9,SLC29A4,ENSG00000164638
PKD1L3,Q7Z443,PKD1L3,ENSG00000277481
C1QL2,Q7Z5L3,C1QL2,ENSG00000144119
ADGRG6,Q86SQ4,ADGRG6,ENSG00000112414
LRRTM1,Q86UE6,LRRTM1,ENSG00000162951
LRRTM4,Q86VH4,LRRTM4,ENSG00000176204
LRRTM3,Q86VH5,LRRTM3,ENSG00000198739
C1QL4,Q86Z23,C1QL4,ENSG00000186897
TPH2,Q8IWU9,TPH2,ENSG00000139287
NLGN4X,Q8N0W4,NLGN4X,ENSG00000146938
NLGN1,Q8N2Q7,NLGN1,ENSG00000169760
LRRC52,Q8N7C0,LRRC52,ENSG00000162763
ATP11C,Q8NB49,ATP11C,ENSG00000101974
SLC17A8,Q8NDX2,SLC17A8,ENSG00000179520
NLGN4Y,Q8NFZ3,NLGN4Y,ENSG00000165246
NLGN2,Q8NFZ4,NLGN2,ENSG00000169992
NLGN2,Q8NFZ4,NLGN2,ENSG00000283859
IL31RA,Q8NI17,IL31RA,ENSG00000164509
VANGL1,Q8TAA9,VANGL1,ENSG00000173218
KCNG3,Q8TAE7,KCNG3,ENSG00000171126
LHFPL5,Q8TAF8,LHFPL5,ENSG00000197753
KCNG4,Q8TDN1,KCNG4,ENSG00000168418
KCNV2,Q8TDN2,KCNV2,ENSG00000168263
PKD1L1,Q8TDX9,PKD1L1,ENSG00000158683
ATP8B4,Q8TF62,ATP8B4,ENSG00000104043
APH1B,Q8WW43,APH1B,ENSG00000138613
NCSTN,Q92542,NCSTN,ENSG00000162736
LPAR1,Q92633,LPAR1,ENSG00000198121
GHSR,Q92847,GHSR,ENSG00000121853
KCNB2,Q92953,KCNB2,ENSG00000182674
MR1,Q95460,MR1,ENSG00000153029
KISS1R,Q969F8,KISS1R,ENSG00000116014
TMIGD2,Q96BF3,TMIGD2,ENSG00000167664
APH1A,Q96BI3,APH1A,ENSG00000117362
RTP4,Q96DX8,RTP4,ENSG00000136514
SLC10A4,Q96EP9,SLC10A4,ENSG00000145248
DCHS1,Q96JQ0,DCHS1,ENSG00000166341
KCNS1,Q96KK3,KCNS1,ENSG00000124134
LRFN5,Q96NI6,LRFN5,ENSG00000165379
QRFPR,Q96P65,QRFPR,ENSG00000186867
ADGRA2,Q96PE1,ADGRA2,ENSG00000020181
SLITRK1,Q96PX8,SLITRK1,ENSG00000178235
PCDH15,Q96QU1,PCDH15,ENSG00000150275
PANX1,Q96RD7,PANX1,ENSG00000110218
F2RL3,Q96RI0,F2RL3,ENSG00000127533
TAAR1,Q96RJ0,TAAR1,ENSG00000146399
GAD1,Q99259,GAD1,ENSG00000128683
CD180,Q99467,CD180,ENSG00000134061
P2RX7,Q99572,P2RX7,ENSG00000089041
SLC29A1,Q99808,SLC29A1,ENSG00000112759
KCNS3,Q9BQ31,KCNS3,ENSG00000170745
CLSTN3,Q9BQT9,CLSTN3,ENSG00000139182
UPK3B,Q9BT76,UPK3B,ENSG00000276184
UPK3B,Q9BT76,UPK3B,ENSG00000243566
LRFN3,Q9BTN0,LRFN3,ENSG00000126243
SLC12A9,Q9BXP2,SLC12A9,ENSG00000146828
SLC29A3,Q9BZD2,SLC29A3,ENSG00000198246
RTN4R,Q9BZR6,RTN4R,ENSG00000040608
NPFFR1,Q9GZQ6,NPFFR1,ENSG00000148734
SLC5A7,Q9GZV3,SLC5A7,ENSG00000115665
SLITRK2,Q9H156,SLITRK2,ENSG00000185985
ABCG8,Q9H221,ABCG8,ENSG00000143921
ABCG5,Q9H222,ABCG5,ENSG00000138075
CLSTN2,Q9H4D0,CLSTN2,ENSG00000158258
SLC32A1,Q9H598,SLC32A1,ENSG00000101438
SLITRK6,Q9H5Y7,SLITRK6,ENSG00000184564
VSIR,Q9H7M9,VSIR,ENSG00000107738
ADGRL3,Q9HAR2,ADGRL3,ENSG00000150471
LPAR2,Q9HBW0,LPAR2,ENSG00000064547
LRRC4C,Q9HCJ2,LRRC4C,ENSG00000148948
NRXN3,Q9HDB5,NRXN3,ENSG00000021645
TREM1,Q9NP99,TREM1,ENSG00000124731
DUOX1,Q9NRD9,DUOX1,ENSG00000137857
KCNIP2,Q9NS61,KCNIP2,ENSG00000120049
SLC6A13,Q9NSD5,SLC6A13,ENSG00000010379
TENM2,Q9NT68,TENM2,ENSG00000145934
LRRC4B,Q9NT99,LRRC4B,ENSG00000131409
ATP8A2,Q9NTI2,ATP8A2,ENSG00000132932
TMEM30A,Q9NV96,TMEM30A,ENSG00000112697
CELSR3,Q9NYQ7,CELSR3,ENSG00000008300
PSENEN,Q9NZ42,PSENEN,ENSG00000205155
NLGN3,Q9NZ94,NLGN3,ENSG00000196338
KCNIP1,Q9NZI2,KCNIP1,ENSG00000182132
IL1RAPL1,Q9NZN1,IL1RAPL1,ENSG00000169306
FLRT3,Q9NZU0,FLRT3,ENSG00000125848
FLRT1,Q9NZU1,FLRT1,ENSG00000126500
KCND2,Q9NZV8,KCND2,ENSG00000184408
PKD2L1,Q9P0L9,PKD2L1,ENSG00000107593
TENM3,Q9P273,TENM3,ENSG00000218336
SLC17A7,Q9P2U7,SLC17A7,ENSG00000104888
SLC17A6,Q9P2U8,SLC17A6,ENSG00000091664
GABBR1,Q9UBS5,GABBR1,ENSG00000232632
GABBR1,Q9UBS5,GABBR1,ENSG00000206466
GABBR1,Q9UBS5,GABBR1,ENSG00000204681
GABBR1,Q9UBS5,GABBR1,ENSG00000237112
GABBR1,Q9UBS5,GABBR1,ENSG00000206511
GABBR1,Q9UBS5,GABBR1,ENSG00000232569
GABBR1,Q9UBS5,GABBR1,ENSG00000237051
LPAR3,Q9UBY5,LPAR3,ENSG00000171517
CNTNAP2,Q9UHC6,CNTNAP2,ENSG00000278728
CNTNAP2,Q9UHC6,CNTNAP2,ENSG00000174469
SLC7A8,Q9UHI5,SLC7A8,ENSG00000092068
GLS2,Q9UI32,GLS2,ENSG00000135423
KCNG1,Q9UIX4,KCNG1,ENSG00000026559
KCNG2,Q9UJ96,KCNG2,ENSG00000178342
KCND3,Q9UK17,KCND3,ENSG00000171385
TENM1,Q9UKZ4,TENM1,ENSG00000009694
NRXN1,Q9ULB1,NRXN1,ENSG00000179915
LRFN2,Q9ULH4,LRFN2,ENSG00000156564
VANGL2,Q9ULK5,VANGL2,ENSG00000162738
KCNS2,Q9ULS6,KCNS2,ENSG00000156486
HHLA2,Q9UM44,HHLA2,ENSG00000114455
GABRQ,Q9UN88,GABRQ,ENSG00000268089
SSR3,Q9UNL2,SSR3,ENSG00000114850
CNTN6,Q9UQ52,CNTN6,ENSG00000134115
ATP8A1,Q9Y2Q0,ATP8A1,ENSG00000124406
KCNIP3,Q9Y2W7,KCNIP3,ENSG00000115041
SLC6A5,Q9Y345,SLC6A5,ENSG00000165970
NPFFR2,Q9Y5X5,NPFFR2,ENSG00000056291
SCN10A,Q9Y5Y9,SCN10A,ENSG00000185313
ADGRG1,Q9Y653,ADGRG1,ENSG00000205336
KCNE3,Q9Y6H6,KCNE3,ENSG00000175538
GJA3,Q9Y6H8,GJA3,ENSG00000121743
GRID2,O43424,GRID2,ENSG00000152208
PRNP,F7VJQ1,PRNP,ENSG00000171867
IGHM,P01871,IGHM,ENSG00000211899
KIR2DS2,P43631,KIR2DS2,ENSG00000278300
HLA-F,P30511,HLA-F,ENSG00000204642
HLA-G,P17693,HLA-G,ENSG00000204632
HLA-A,HLAA,HLA-A,ENSG00000206503
HLA-E,P13747,HLA-E,ENSG00000204592
HLA-DRA,HLADRA,HLADRA,ENSG00000204287
HLA-DRB5,HLADRB5,HLA-DRB5,ENSG00000198502
HLA-DRB1,HLADRB1,HLA-DRB1,ENSG00000196126
HLA-DQA1,HLADQA1,HLA-DQA1,ENSG00000196735
HLA-DQB1,HLADQB1,HLA-DQB1,ENSG00000179344
HLA-DQA2,HLADQA2,HLA-DQA2,ENSG00000237541
HLA-DQB2,HLADQB2,HLA-DQB2,ENSG00000232629
HLA-DOB,HLADOB,HLA-DOB,ENSG00000241106
HLA-C,HLAC,HLA-C,ENSG00000204525
HLA-B,HLAB,HLA-B,ENSG00000234745
HLA-DMB,HLADMB,HLA-DMB,ENSG00000242574
HLA-DMA,HLADMA,HLA-DMA,ENSG00000204257
HLA-DOA,HLADOA,HLA-DOA,ENSG00000204252
HLA-DPA1,HLADPA1,HLA-DPA1,ENSG00000231389
HLA-DPB1,HLADPB1,HLA-DPB1,ENSG00000223865
HNF4A,P41235,HNF4A,ENSG00000101076
HNF4G,Q14541,HNF4G,ENSG00000164749
NR0B1,P51843,NR0B1,ENSG00000169297
NR0B2,Q15466,NR0B2,ENSG00000131910
NR1D1,P20393,NR1D1,ENSG00000126368
NR1D2,Q14995,NR1D2,ENSG00000174738
NR1I3,Q14994,NR1I3,ENSG00000143257
NR2C1,P13056,NR2C1,ENSG00000120798
NR2C2,P49116,NR2C2,ENSG00000177463
NR2E1,Q9Y466,NR2E1,ENSG00000112333
NR2E3,Q9Y5X4,NR2E3,ENSG00000278570
NR2F1,P10589,NR2F1,ENSG00000175745
NR2F2,P24468,NR2F2,ENSG00000185551
NR2F6,P10588,NR2F6,ENSG00000160113
NR4A1,P22736,NR4A1,ENSG00000123358
NR4A2,P43354,NR4A2,ENSG00000153234
NR4A3,Q92570,NR4A3,ENSG00000119508
NR5A1,Q13285,NR5A1,ENSG00000136931
NR5A2,O00482,NR5A2,ENSG00000116833
NR6A1,Q15406,NR6A1,ENSG00000148200
TLR7,Q9NYK1,TLR7,ENSG00000196664