cluster	TF
Germ.oocyte	HEY2
Germ.oocyte	RORA
Germ.oocyte	STAT1
Germ.PGC	STAT3
Germ.oocyte	ESR2
Germ.oocyte	NR2E1
Germ.oocyte	NR2E3
Germ.oocyte	OTX2
Germ.oocyte	SMAD2
Germ.oogonia_meiotic	PGR
Germ.oogonia_STRA8	NR6A1
Germ.oogonia_STRA8	RARB
Germ.oogonia_STRA8	RARG
Germ.oogonia_STRA8	ZGLP1
Germ.PGC	NR2F6
Germ.PGC	SOX4
Germ.oocyte	NR1D1
Germ.oocyte	NR1H2
Germ.oocyte	NR2C1
Germ.oocyte	RXRG
Germ.oogonia_meiotic	NR2C2
Germ.oogonia_meiotic	NR3C1
Germ.oogonia_meiotic	STAT5B
Germ.oogonia_STRA8	RARA
Somatic.granulosa	ETS1
Somatic.granulosa	ELK1
Somatic.granulosa	HES1
Somatic.granulosa	HES4
Somatic.granulosa	HEY1
Somatic.granulosa	HEY2
Somatic.granulosa	HEYL
Somatic.granulosa	NR1H4
Somatic.granulosa	NR3C2
Somatic.granulosa	STAT6
Somatic.OSE	ESR1
Somatic.OSE	ID4
Somatic.preGC_IIb	ESR1
Somatic.preGC_IIb	NR1H4
Somatic.preGC_IIb	NR4A3
Somatic.preGC_IIb	NR6A1
Somatic.granulosa	NR1D1
Somatic.granulosa	NR1H2
Somatic.granulosa	NR3C1
Somatic.granulosa	PPARA
Somatic.granulosa	RARB
Somatic.granulosa	RORA
Somatic.granulosa	STAT5B
Somatic.granulosa	VDR
Somatic.OSE	GLI2
Somatic.OSE	RORB
Somatic.OSE	STAT3
Somatic.preGC_IIa	NR2F6
Somatic.preGC_IIa	NR5A1
Somatic.preGC_IIb	ETS1
Somatic.preGC_IIb	FOXO1
Somatic.preGC_IIb	NFKB1
